type,name,module,path,hash
config,agent-manifest,config,_config/agent-manifest.csv,58030c326165c5e913af8550d7ceb342f26175af7138d44154019f27bb3ef319
agent,flex-publicist.customize,config,_config/agents/flex-publicist.customize.yaml,5586fa723f22f2804c2c78f223c504c1fb368293554d0e68cf22aed2585570ff
agent,lr-agent-builder.customize,config,_config/agents/lr-agent-builder.customize.yaml,f8dadc2f42577383899d5427d90a7ea933078039ec388b02f9451173bdb0e85a
agent,lr-analyst.customize,config,_config/agents/lr-analyst.customize.yaml,c4743bfb7f48a1d36e1b2c553a760e2df6e5d4d853fc0a02e8c97369f2b0c465
agent,lr-module-builder.customize,config,_config/agents/lr-module-builder.customize.yaml,7398be3e6df80826fd0dbb7cd7ad28d6d11d9381907f4c4dc07e673ae619d1b2
agent,lr-orchestrator.customize,config,_config/agents/lr-orchestrator.customize.yaml,6e300003ac3f7f5d284a9536cbde19cfc4fe0c0a0ef7dad309077c47cf51ef63
agent,lr-qa.customize,config,_config/agents/lr-qa.customize.yaml,1d72fb46f033bab0623b61fcc2c8661854cc0756269ae1811302b1d281a2b14f
agent,lr-test-engineer.customize,config,_config/agents/lr-test-engineer.customize.yaml,3ad8e4a32bd2920ba4202d1431de84c67aef8a9886d7518ab480e9118785327a
agent,lr-tracker.customize,config,_config/agents/lr-tracker.customize.yaml,d3f7fb2516e88a9ea6fa53a5d7382e1cedba63c80a65d4315a593c2bd5c4de0c
agent,lr-workflow-builder.customize,config,_config/agents/lr-workflow-builder.customize.yaml,fddaeb7ec76a3888e4beeb58663a68fc5395cee75673376cf96cf1827997da7b
agent,squick-analyst.customize,config,_config/agents/squick-analyst.customize.yaml,606c493cc781ac0a3305ce165c5ec75dfdc7fe6a3c918483a987842d88f85d6e
agent,squick-architect.customize,config,_config/agents/squick-architect.customize.yaml,4cc7780573103b23674571d41a333ab9a8497c046784b47f233968cd791290ca
agent,squick-pm.customize,config,_config/agents/squick-pm.customize.yaml,e91a8279e59b0d1ad0b9d191696d1e609f1501ba84d1945a416d2bed20a5adab
agent,squick-qa.customize,config,_config/agents/squick-qa.customize.yaml,ee14857e0262dff787737391a9657e004dcd4b386ea9100833a1511d98878dd7
agent,squick-sm.customize,config,_config/agents/squick-sm.customize.yaml,a0fce512abb63395e38b6236c29f2537e966196e5a522b339aa8a214c5b362e7
agent,squick-tech-writer.customize,config,_config/agents/squick-tech-writer.customize.yaml,85acb968f49d2a1231421413225f8a0fefeedbc64ef0dd8e8d1caed89bed022d
agent,squick-ux.customize,config,_config/agents/squick-ux.customize.yaml,3508242a2be84a129ef007424023230532f05e4ca6d1d82334c0adc5284e8e43
agent,sync-inquisitor.customize,config,_config/agents/sync-inquisitor.customize.yaml,1a2190d7a3ed3c2beea696f9e0d807a76f5958015f36c2097205fb448093761b
agent,sync-linker.customize,config,_config/agents/sync-linker.customize.yaml,b639c69088e67963f0dc4e4904742874e5cadb1d37ba0050115ce0bfabefa876
agent,sync-parser.customize,config,_config/agents/sync-parser.customize.yaml,ba6e3a2979899a586bf94cbe038e46e0f66e0e4c0437ca5c946cad57a13df9e8
agent,sync-publicist.customize,config,_config/agents/sync-publicist.customize.yaml,10845b32b46e195b20316f3e17a39f896ebd40d19981e00b2ceca1300a202f3f
agent,sync-refiner.customize,config,_config/agents/sync-refiner.customize.yaml,266c3f226b96a07941beb03735a5ac8a223743d4e71a9acd05d8c2d19d6cd17b
agent,sync-scout.customize,config,_config/agents/sync-scout.customize.yaml,8535487ad7abdecda60805aea51a673ad70177eb34f0a6f2c203371e34a17930
agent,sync-sizer.customize,config,_config/agents/sync-sizer.customize.yaml,6d42904894bb1fd8d8d42f864379e11ad560f93e1f84f19a3ddad9c72c8052ea
agent,sync-styler.customize,config,_config/agents/sync-styler.customize.yaml,d535b682f85e733a67bc161b678121651ed9edfce4f4d2cfd0856c49bc6d7498
config,agent-overrides,config,_config/custom/agent-overrides.yaml,65aedcf444422bd389cb389681a7e96ecb99fceabe5b6a4d90a64c1cc1966abb
config,config,config,_config/custom/config.yaml,24fbfa41fbb78162d4b2566980189568b409982892a34a5396caa68d17b07c6e
config,persistent-memories,config,_config/custom/persistent-memories.yaml,58a020cf8d76287ce89e116f30a4e2f6f6fcff21858717f3fddacac7de9be621
config,antigravity,config,_config/ides/antigravity.yaml,93be45d48701ebb389958354788f8aa3bbd663f5d91d78057e5ea41c073a9611
config,auggie,config,_config/ides/auggie.yaml,48a3026dae5729db4ff3307d0d177adaaf35a62f5ff161c5a96d1fbb24149f41
config,claude-code,config,_config/ides/claude-code.yaml,194ffe1f28d48879fc6ef588722de836181a3ffe296553b080ad4a325b4486f1
config,cline,config,_config/ides/cline.yaml,35eec85ff88295bf4197f21661ad9346461860121ee891d7e8320acee13eccf1
config,codebuddy,config,_config/ides/codebuddy.yaml,568eae847394dc37245d528dd101bdab06608b38a1645ed82f35883521040533
config,codex,config,_config/ides/codex.yaml,2c7a3f6f5f5ced5daf3b2f38a39d0401d23fadbf7a285bbe5de5437ec616e603
config,crush,config,_config/ides/crush.yaml,f4f3fe5badcab73740ce60fd800333315230dcc051227de40eb48771e22012bd
config,cursor,config,_config/ides/cursor.yaml,00edf7245af9f25900191bcca666fb8d14c56e8b826c700d178af755cd03fca1
config,gemini,config,_config/ides/gemini.yaml,6fa9708de9185395ded3a2263d615ab56e08cd119ee70e27223d51b06cc12dfc
config,github-copilot,config,_config/ides/github-copilot.yaml,d1c46cccb2ffa900fde4968e6e799cce6c2ddec2b33c8539e6efbff93a82e58d
config,iflow,config,_config/ides/iflow.yaml,f9998ffe52fcb83c69c6b36ae350cd08eb1f9f205fdf779f9c2e55b6b94ee2f0
config,kilo,config,_config/ides/kilo.yaml,9a8964304d6fe32a2635f48d2889a176b6575c1b3ef8da5765c5baedd90b72c0
config,kiro,config,_config/ides/kiro.yaml,f5656b0737cd585a47c1470a7c615f5e39087d9690c0a8017613dd7f6c1b872b
config,opencode,config,_config/ides/opencode.yaml,fdea9a49b0bf8c3313362668e17dc435753cf3d5675aab58946d474aba1255c7
config,qwen,config,_config/ides/qwen.yaml,a4d6dbd2d69f912db13458ab3bc2b68e96af98aa66758c75ccd8c805f23bde79
config,roo,config,_config/ides/roo.yaml,c2f6e5d7c7843b705914004041361bdc3340c2b09976884f29e3dd819a4a0ad7
config,rovo-dev,config,_config/ides/rovo-dev.yaml,f626c674a7e7636d9dc8089dacd25ed193c664a0f555982eb7a59565648ea2fd
config,trae,config,_config/ides/trae.yaml,8f626ae3fda6846f43e078d04434fa6d8d98863cb2d8633ae063fb68117a84be
config,vscode,config,_config/ides/vscode.yaml,732a446c1fc6af3c853b7c0d91f1c9eaaaf647a453cd1c42ba2bd6ce7fa08ab2
config,windsurf,config,_config/ides/windsurf.yaml,d03aae64a2338fc17499b5da852af1d368f40143ea741e2a3f1442d246a675a0
config,lr-help,config,_config/lr-help.csv,104aa0bf4f9fcae785b92cc5c3bd895b5d55a20b754d73d01e5a220a08166d72
config,manifest,config,_config/manifest.yaml,4b383d7d3536d1d9c0defe41c1b8cb53f4c6569cfea6abaccaba3e93c8d1a056
config,task-manifest,config,_config/task-manifest.csv,668c79c935c49cf410e0f48f8eff3cd5dd4d36399dfc8b722057a1c4ad63bc1b
config,tool-manifest,config,_config/tool-manifest.csv,ae124cddd341b9ee015d2f39331649b4c987add0e1cdccbec4484d4181faf7b0
config,workflow-manifest,config,_config/workflow-manifest.csv,7cad3f3f94068666181016e31f27688696960cd435b50cb43b52dbe0639203ec
memory,instructions,memory,_memory/bond-sidecar/instructions.md,693bb57c60d1d1921cee70ad7c8a802e61fee1314262c4450514acb6d50a9acd
memory,memories,memory,_memory/bond-sidecar/memories.md,01d7c1407993d766b32e629bc0f5f2573d6b01561c591b047dcfa530dd4f35ed
memory,config,memory,_memory/config.yaml,b6445a41b0f436a2d1e40a5231df7e264dc6a35da2ed8f8aefc969e3cde36d0f
memory,core-signals,memory,_memory/core-sidecar/core-signals.json,e405f2751171e5b47e63f1f0701c59d95ebd49a7bc65d0a912e54a66c32217a4
memory,instructions,memory,_memory/core-sidecar/instructions.md,37fcf1388a3d51575e70a2d133d8315feec2ce34a6bc5654b0ae530781d6a42c
memory,memories,memory,_memory/core-sidecar/memories.md,f1402c5eeda895baa4c89f8ea65ebf98128dcdc6166fc4cfc6b24e7434669aa9
memory,instructions,memory,_memory/flex-publicist-sidecar/instructions.md,01fa7e1e1f1baf89979107fdf2e09d8689d133aad6ab00afb5254f9522447f1f
memory,memories,memory,_memory/flex-publicist-sidecar/memories.md,2bf3e794c40c4edd3a14dc734c5c3cf64884ac86776aa8cd2d928a76b5f41464
memory,instructions,memory,_memory/insights-sidecar/instructions.md,f214e6242cfe19813561a524b17987d65495962c3b31b590641084ac64637e88
memory,memories,memory,_memory/insights-sidecar/memories.md,385259751e4a658ff19d59345b8c99b8a106927b3ccbf92f4f886c7000f138c9
memory,viral-patterns,memory,_memory/insights-sidecar/viral-patterns.md,3290340bbebdbc6c802fb90c336b0f85ace13f859abb50c5a4132bdfbf5e91b4
memory,voice-profile,memory,_memory/insights-sidecar/voice-profile.md,4fee8afaad29ecb45c9e2f5d1570186b81b70e9ed985b3da55951fe4184bedba
memory,instructions,memory,_memory/lr-orchestrator-sidecar/instructions.md,c71a0fe910dd57c3690cd1145e0ed0ca4e9bb460a971dba2f43b6d758fc5079f
memory,memories,memory,_memory/lr-orchestrator-sidecar/memories.md,9c4c369249eab65020237143036baf41e9c03397d52fe3abbcb7867e1fffc8d1
memory,instructions,memory,_memory/lr-tracker-sidecar/instructions.md,578b534f270aca0cce0d93dec69fbb3393888b07a0d4530566230d45d509df05
memory,memories,memory,_memory/lr-tracker-sidecar/memories.md,0de52c00da61eff7cc0052a9ec4f5f84ccf129e8d85035e3497048b60ff3a669
memory,instructions,memory,_memory/m-sidecar/instructions.md,047ca4aab754e95e1b9fb8dc52b5e40ec0aa66d7444eaae0a0a9f8495c893f58
memory,memories,memory,_memory/m-sidecar/memories.md,f699c2485e9d860ac735012c90b9817be12ce79b7308b1bb1586dd3b0434459a
memory,instructions,memory,_memory/morgan-sidecar/instructions.md,317653dfd8b8888263a8d94451cf377bdb42585f8407a34e68295754833ec23a
memory,memories,memory,_memory/morgan-sidecar/memories.md,92996cc7dc28b4c252893bfb0aadc6f65356c6f29393056947be99b7fdba67dc
memory,instructions,memory,_memory/q-sidecar/instructions.md,96d666ec236914d5f82ca1001a496a79f4499fae45095f2486fc50f9cccd69c0
memory,memories,memory,_memory/q-sidecar/memories.md,d31936e63879ca874389057a0a4413f1b72bafa2afcebb04e50def9c8bb066f7
memory,instructions,memory,_memory/qa-sidecar/instructions.md,7edfe63ada07f9e19851598675c1f5e16e639aa525f7d4867a06ba5535219639
memory,memories,memory,_memory/qa-sidecar/memories.md,5677eb2b50ca198d91d87c6e19105c7209c8b5463efc42b6a2e253edc55c92c0
memory,instructions,memory,_memory/resume-versions-sidecar/instructions.md,315d668ab5d5581f44fde310bd28251ef06a02b3eb8a1314fe0202aeb7b6faca
memory,memories,memory,_memory/resume-versions-sidecar/memories.md,49a25ebb2083e2023d6414912961546ab08214210e7681ee44f504af26961518
memory,instructions,memory,_memory/squick-analyst-sidecar/instructions.md,4dae581e79e756f83c93c34e4a44e8b870e30ed3a98e109b5a714d7646b55be9
memory,memories,memory,_memory/squick-analyst-sidecar/memories.md,0b250fbf05a7f980a4ec52a45cd85e7a077ebebb084ee26bac930b79ee93a696
memory,instructions,memory,_memory/squick-architect-sidecar/instructions.md,0043c51591156cf248e10fcadc98b586e69f1223c6b394f09a8886ca15434b67
memory,memories,memory,_memory/squick-architect-sidecar/memories.md,16b9757beef2b6cf4873c9ebeebe2fcf0c110d0ec9547e0797d91e8f4f86f1a4
memory,instructions,memory,_memory/squick-pm-sidecar/instructions.md,40d2e27f4a374080d2d9a4bdd7c01af152a9676d26dd14ba7b15a429d5c87b96
memory,memories,memory,_memory/squick-pm-sidecar/memories.md,5f06aae715ec76e3a32679d3fa6f8a1d21d92a639c84740a72fb49517d4e189c
memory,instructions,memory,_memory/squick-qa-sidecar/instructions.md,5463f08702c1e807ee639e3223e46581320c6feeb543d7d0a5d065413c122f6d
memory,memories,memory,_memory/squick-qa-sidecar/memories.md,5391c8a7543c75406b07c4c87ccd51986d697dee421eb3821305df689c293bc6
memory,instructions,memory,_memory/squick-sm-sidecar/instructions.md,f4591fa4863e271b8eb6cbd6f6e51aa88562a59257fe501c9cbbb93e7adee95a
memory,memories,memory,_memory/squick-sm-sidecar/memories.md,11ad5d1b655779c2edb60188c2929d7d55c67e60686d460ee2d93bfb59cb4355
memory,instructions,memory,_memory/squick-tech-writer-sidecar/instructions.md,1cf37aea7b563ad05cdc872302414a247a55c699f86f712f99eb256a5361a13e
memory,memories,memory,_memory/squick-tech-writer-sidecar/memories.md,11755c87d6ee8511d56d8cc0249ba24e882a2bd70644604db3fd5ab2bd623aad
memory,instructions,memory,_memory/squick-ux-sidecar/instructions.md,86de8cc6a3ca8acf5bd0ee9432f47e6497964d7c5e35272bc25ad91de38649e3
memory,memories,memory,_memory/squick-ux-sidecar/memories.md,753bc46314831b9ec2bef066bcb722198ce308abff9f9b986fca869a7a34ad22
memory,instructions,memory,_memory/sync-inquisitor-sidecar/instructions.md,28f8944bbf5fc5a489fa904a4b6fb913c148afe44d5990729934697f18168d3b
memory,memories,memory,_memory/sync-inquisitor-sidecar/memories.md,dcc31328f45097de6a44679c8465ecc2a0acc3dd5ceea09e4d05b0a8f890fad9
memory,instructions,memory,_memory/sync-linker-sidecar/instructions.md,6c536240eec9b86450dfbadb2b9cd59fdc6faf7bdd4a81f2ab4cc300e0c004e6
memory,memories,memory,_memory/sync-linker-sidecar/memories.md,a06b2f5287a3750ead4c3def10adb6108d7a64deeb08e788ad682cd3542d585e
memory,core-signals,memory,_memory/sync-parser-sidecar/core-signals.json,049609b662edcdef5362ead7fe818591ed2fd1e3658c607897f248b756ba7199
memory,instructions,memory,_memory/sync-parser-sidecar/instructions.md,69b8cdf3e63723b8e2c1169fe00543d44e6968b30c1b17e7c0dce39b6d82c83f
memory,memories,memory,_memory/sync-parser-sidecar/memories.md,cf02b993680c99d3cb87e12b66d660aac88075236ccd27b3ec4ab50c35f8af8e
memory,instructions,memory,_memory/sync-publicist-sidecar/instructions.md,3522e4d107d7b60eb133275e08b33b6edfc55d9aee07c8c855961084f3eb2f05
memory,memories,memory,_memory/sync-publicist-sidecar/memories.md,daccdc0eee0f677f69e927f2edb8def86e66b41f20eba7042d98d41c3170cf27
memory,instructions,memory,_memory/sync-refiner-sidecar/instructions.md,3d7bedb65322426b974f4b0ba4096ac878a607d5bfdadca4ba32d5d86ec26469
memory,memories,memory,_memory/sync-refiner-sidecar/memories.md,4fe3cdf818a6e17a3656cd8fe744f2fd93819f6d29c2116a58e04f9ec6961726
memory,instructions,memory,_memory/sync-scout-sidecar/instructions.md,491a261c9f5d497ff75b28dfe34a7714da600396e858c1591422c46939ef14c4
memory,memories,memory,_memory/sync-scout-sidecar/memories.md,5901f3187cb1368f9cfea89a55ec6f39cb6599ed29abc06094ed81d165c81059
memory,instructions,memory,_memory/sync-sizer-sidecar/instructions.md,38c7f5510baf15ef6ffe8bde09041ddd96779db2b445a42e0468a1d32ec4681a
memory,memories,memory,_memory/sync-sizer-sidecar/memories.md,9ec3ee9339880782bf2bab8831b4fe36f2637dfb448eb7e409819d266f339e5a
memory,instructions,memory,_memory/sync-styler-sidecar/instructions.md,dc6f6ec55fc29af9a89499c12da24a2421241c3ca5a83c5c75fa35ab2f373203
memory,memories,memory,_memory/sync-styler-sidecar/memories.md,a05cc97b0aa841aa96774086bb6890106f49f43b6cf6baf989c9a05526937292
memory,instructions,memory,_memory/wendy-sidecar/instructions.md,99b15d3acd726d66dd544b6928b0eba89ec3edc8d10e1f798165295fb0c293b3
memory,memories,memory,_memory/wendy-sidecar/memories.md,7153b9bb216cdc03b33f967e655f4cad9753607efe2d05da4a46989d68354f0e
template,signal-sidecar.template,output,_output/signals/signal-sidecar.template.md,fa33d0f0693fc56df7c92ef040fe8c114275f38b138361da6f683a87dd8afce6
config,agent-manifest,root,agent-manifest.csv,e8208b3efaab19fca6f5270ab808881caba761d68de1058721b70786f5c9e110
agent,cis-architect.customize,cis,cis/agents/cis-architect.customize.yaml,0b40f50a0509ee675e087a5924100e5953078c68d12ae936db1c3228657e89c4
agent,cis-architect,cis,cis/agents/cis-architect.md,16666ae1ee5485ba47ac5a272a0674134471c78d66929e18de06bb9843ff99be
agent,cis-engineer.customize,cis,cis/agents/cis-engineer.customize.yaml,bbe83ffa36e01ba6cd0817ff4751e8fa5741232db644dd153d6c59261efff7a0
agent,cis-engineer,cis,cis/agents/cis-engineer.md,dd4fc7b482e995f6ed05f37f8f517bbe71db2268ef3701bb4efbbe3dc1c770d3
config,config,cis,cis/config.yaml,350d6e124a2d8f63e0efac273a002dbd2d0c49ae6621dfadaa617526ff01dc34
other,instructions,cis,cis/workflows/narrative-craft/instructions.md,fcfe73fafe4cc82ee5c56ada57766ad48d316183c92b65757ec869f8fab94729
step,step-01-analyze-arc,cis,cis/workflows/narrative-craft/steps-c/step-01-analyze-arc.md,52cd79a9649cb612971b13c41ecef916c7d6051a8c33051f4b02e6b2ed0af3b0
step,step-02-design-hook,cis,cis/workflows/narrative-craft/steps-c/step-02-design-hook.md,c876934efb41f020c357b0bd32e230ccc875eca83603fe15f1d39b42352227c9
step,step-01-validate,cis,cis/workflows/narrative-craft/steps-v/step-01-validate.md,78cc3df66fc26097bbc7dc8144d9ef4ef8e06f6132a48d9d4f5395affec8ce10
template,brainstorm.template,cis,cis/workflows/narrative-craft/templates/brainstorm.template.md,0045b1fb745c6c4a344d41daae77cbee8513d76db51c62e4c7c55ec60dc3ad97
template,narrative-hook.template,cis,cis/workflows/narrative-craft/templates/narrative-hook.template.md,990cff2cf8b36e4778b19f01383e21bb618d2ab36f97e244d5b0bfa110d69497
workflow,workflow,cis,cis/workflows/narrative-craft/workflow.yaml,fa487d0a554d881e5f3c63684aa2fb369f4f2951fc42784401c2963a7fdf4518
agent,lr-orchestrator.customize,core,core/agents/lr-orchestrator.customize.yaml,d2cf3090d0ae68e039139c022ec4e11520e7d64702694ea47d6cbbf4292eaada
agent,lr-orchestrator,core,core/agents/lr-orchestrator.md,058b61bca28497f93c824a6a352ea9430c0ada5d4ae42b010d5e75cf661d4630
agent,lr-tracker.customize,core,core/agents/lr-tracker.customize.yaml,f24f7dadacee29512081bf8ffb0f2b90dec68b359b114824795c6908f6085b37
agent,lr-tracker,core,core/agents/lr-tracker.md,c15e2aed03b0432ed6244d4219153c8783847a7b915beea610f5dd58e45562d2
config,config,core,core/config.yaml,a7dc178cc7506c05adffbb2e7746033058d2c551487f2e86b21c62c9d5f9591e
config,chromadb-config,core,core/config/chromadb-config.yaml,b19345453545036e20527c88c5e7661ddce9a4e3e979b4f62d5f6e98fba81ea4
config,installer,core,core/config/installer.yaml,8edefa1927d842ea0c6e48c598ec0d2e8c7e8706cac9888c3d75bf26c0ccdf03
config,mongodb-config,core,core/config/mongodb-config.yaml,6f4f4bf6c49d4b67a3f51f1ae02c6e771a3b586e2e3cadecb2372f2b6297ad59
knowledge,command-syntax,core,core/knowledge/command-syntax.md,174c16f984e2ad5727bafb137fad3ed56ca71b7140960ce7982d326f45f8b9a0
knowledge,global-constraints,core,core/knowledge/global-constraints.md,75efc765df58ec399286e666d4452e6d09d5a749a74ce2d6c0d2d588a2e8a614
knowledge,lr-principles,core,core/knowledge/lr-principles.md,9ccb42ab9e56fd317cdef823fb30e55c98dcdc8f0d322bc9e7ad6bd38ff97791
knowledge,persona-properties,core,core/knowledge/persona-properties.md,662ef5cd16634c509341fa4d1f26e693dfc54551674829f47282cd6ba0b1153c
knowledge,quick-start,core,core/knowledge/quick-start.md,a593ace009d346966e82a2949af958f9be9c38769e6b43e6533d5cb46c15f2eb
knowledge,signal-taxonomy,core,core/knowledge/signal-taxonomy.json,4866016a91b3f6cd47bd97c72d17fb738fd297889003e99fe1a29dfdd436daef
knowledge,signal-taxonomy,core,core/knowledge/signal-taxonomy.md,a7383c5b5ea04f405c0bc143f1eb4f4a0dba4c156fb3f82d5383a925734fa78c
knowledge,system-definitions,core,core/knowledge/system-definitions.md,b8e0f27b9de9de802fe1ca7e47200419aa21fb478d2cffa95b8e5abeda7b5d3f
task,adversarial-review,core,core/tasks/adversarial-review.md,c5e6bd6abe5b9893d91adad375da2852a0a664c40ca3cdafbaa5d4800fb2850d
task,editorial-review,core,core/tasks/editorial-review.md,813e269e73370cc6d6e9893742248b342fdb8cf6221045b386e79a2d2403645d
task,help,core,core/tasks/help.md,c27e37e0dfbfd35929a1a5ef6f31783535867fb9f9bbb33047dc8a835a7f24a4
task,shard-doc,core,core/tasks/shard-doc.md,9852cd09d93bb3322f12f1fa855ee4411c5c3ac2c53e69326e7703fe0d6a3142
template,architecture-decision-template,core,core/templates/architecture-decision-template.md,5d9adf90c28df61031079280fd2e49998ec3b44fb3757c6a202cda353e172e9f
template,epics-template,core,core/templates/epics-template.md,b8ec5562b2a77efd80c40eba0421bbaab931681552e5a0ff01cd93902c447ff7
template,test-design-handoff-template,core,core/templates/test-design-handoff-template.md,ce1dd24dd95244e4a511bef74a3a7cb10e5620a3a137195a31608f81ac7e7b1b
step,step-01-session-setup,core,core/workflows/brainstorming/steps/step-01-session-setup.md,b9a0cc4e663e631e767c0fbe75c392d1c15e0cdd250908eda791cce22c6fbae1
step,step-02-technique-execution,core,core/workflows/brainstorming/steps/step-02-technique-execution.md,65d710ae42270b2752eb171ec0466bf78aeefe6d3ee61c840589da837a210073
step,step-03-idea-organization,core,core/workflows/brainstorming/steps/step-03-idea-organization.md,300cf26d17722c5bc95441e85bbd32767d5cf46b6cc955530a5fb853cd38466a
workflow,workflow,core,core/workflows/brainstorming/workflow.md,38d30cd994358916cd2114f0ddb340b0173822476499b8a60591331a165fc2ba
workflow,workflow,core,core/workflows/brainstorming/workflow.yaml,5a35015623f3b8b824d7f8baff79c6e024209160892e0097a288acdf3a0c8b42
other,instructions,core,core/workflows/context-gen/instructions.md,88a6f7a420a03348fb4705dcaba7a11af6ad1ec98f1d048f21a7adaf8aac589d
step,step-01-index,core,core/workflows/context-gen/steps-c/step-01-index.md,30dd3bafa1c6a440546aa3083894c10acf4f13f2bf3251a968dd546ad1b31987
template,context.template,core,core/workflows/context-gen/templates/context.template.md,006cc5736668f83125ea20f1d43788ba2562440dc4e6c728dd45700a53f6ee84
workflow,workflow,core,core/workflows/context-gen/workflow.yaml,edc758b0af03afa9a96e396205930df28a82b90ddd27289bae3c10b219d150ba
other,checklist,core,core/workflows/create-story/checklist.md,0d26d8426331fd35b84ac2cb640f698c0b58d92ae40c658bdba78941b99b8aad
other,instructions,core,core/workflows/create-story/instructions.xml,d4edc80bd7ccc0f7a844ecb575016b79380e255a236d1182f5f7312a104f0e3a
other,template,core,core/workflows/create-story/template.md,29ba697368d77e88e88d0e7ac78caf7a78785a7dcfc291082aa96a62948afb67
workflow,workflow,core,core/workflows/create-story/workflow.yaml,886c479403830bebf107b2011406b4019dbab2769b7a14987618541ef981d439
other,checklist,core,core/workflows/dev-story/checklist.md,630b68c6824a8785003a65553c1f335222b17be93b1bd80524c23b38bde1d8af
other,instructions,core,core/workflows/dev-story/instructions.xml,b177c039072ad5e8a54374e6a17a2074dd608fd4da047bef528e362919a0fde8
workflow,workflow,core,core/workflows/dev-story/workflow.yaml,6c819ead6d1b4bffc78d598db893c241d2dee9e41d0b5e58e3465f63baa613fd
other,checklist,core,core/workflows/document-project/checklist.md,581b0b034c25de17ac3678db2dbafedaeb113de37ddf15a4df6584cf2324a7d7
other,documentation-requirements,core,core/workflows/document-project/documentation-requirements.csv,d1253b99e88250f2130516b56027ed706e643bfec3d99316727a4c6ec65c6c1d
other,instructions,core,core/workflows/document-project/instructions.md,57762fb89b42df577da1188bc881cf3a8d75a1bcc60bce9e1ab2b8bcfdf29a66
template,deep-dive.template,core,core/workflows/document-project/templates/deep-dive.template.md,6198aa731d87d6a318b5b8d180fc29b9aa53ff0966e02391c17333818e94ffe9
template,index.template,core,core/workflows/document-project/templates/index.template.md,42c8a14f53088e4fda82f26a3fe41dc8a89d4bcb7a9659dd696136378b64ee90
template,project-overview.template,core,core/workflows/document-project/templates/project-overview.template.md,a7c7325b75a5a678dca391b9b69b1e3409cfbe6da95e70443ed3ace164e287b2
template,project-scan-report-schema,core,core/workflows/document-project/templates/project-scan-report-schema.json,8466965321f1db22f5013869636199f67e0113706283c285a7ffbbf5efeea321
template,source-tree.template,core,core/workflows/document-project/templates/source-tree.template.md,109bc335ebb22f932b37c24cdc777a351264191825444a4d147c9b82a1e2ad7a
workflow,workflow,core,core/workflows/document-project/workflow.yaml,5c61d95164a4b47189f7f4415bea38590458751ffab755eca5ed0ac0b30232a1
other,deep-dive-instructions,core,core/workflows/document-project/workflows/deep-dive-instructions.md,48b947d438c29a44bfda2ec3c05efcc987397055dc143a49d44c9d4174b7ac09
other,deep-dive,core,core/workflows/document-project/workflows/deep-dive.yaml,efa8d70a594b7580f5312340f93da16f9e106419b1b1d06d2e23d6a30ef963fa
other,full-scan-instructions,core,core/workflows/document-project/workflows/full-scan-instructions.md,419912da2b9ea5642c5eff1805f07b8dc29138c23fba0d1092da75506e5e29fb
other,full-scan,core,core/workflows/document-project/workflows/full-scan.yaml,9d71cce37de1c3f43a7122f3c9705abdf3d677141698a2ab1b89a225f78f3fa9
template,api-reference.template,core,core/workflows/document-system/templates/api-reference.template.md,6c7cf9b64fc9729c9a8e8d9d8626ae3053f8206fe34e4f38f8dd3fea5c077758
template,architecture-overview.template,core,core/workflows/document-system/templates/architecture-overview.template.md,bc43f93467c21a5749f4458a3d11bb335664de630b1af350c7d69cc73ea0ff38
template,changelog.template,core,core/workflows/document-system/templates/changelog.template.md,9dbef83e571d72f4e1bfa5c6854786e80996ebe3bc7ce2e85293ef01099be28c
template,deployment-guide.template,core,core/workflows/document-system/templates/deployment-guide.template.md,93eb46ee6e0b69d3789ca9299803fe8cfb4ae05a2cef74b08a85b647061ba9a6
template,system-onboarding.template,core,core/workflows/document-system/templates/system-onboarding.template.md,c41b655e1730b66166cd7cafe3c8217845169fb7df1c546ef994250ede639070
workflow,workflow,core,core/workflows/document-system/workflow.yaml,0434c5c7bb919fca17f078b8b3bc91d1f7f8da4f7f08b95a8d4a59683aea2741
step,step-01-topic,core,core/workflows/lr-discuss/brainstorming/steps/step-01-topic.md,fc624300693db983b839e5e3d759b6c029e396f18bd746ca13e1b72982aceb72
step,step-02-ideation,core,core/workflows/lr-discuss/brainstorming/steps/step-02-ideation.md,1b4c6d6d4d3308ad28ad3d05e42360e785d114d1c1daa32c45606f6286e3eaa4
step,step-03-selection,core,core/workflows/lr-discuss/brainstorming/steps/step-03-selection.md,7ab8edca8fa20dd0f06b15380a93385b79ce57980428ab8a073457e39851e7f8
step,step-04-refinement,core,core/workflows/lr-discuss/brainstorming/steps/step-04-refinement.md,25b7a32abd5ab1084536ffceac9fee87b74c696ad0400422c695ecde684d1ae2
workflow,workflow,core,core/workflows/lr-discuss/brainstorming/workflow.md,4a4910bb2d320c1979a268eaf0050989040decb1e523f54707a8c14d9e6ab917
step,step-01-loading,core,core/workflows/lr-discuss/steps/step-01-loading.md,ac6c902fc3a6d0c31931eb5a352ebcf61b98db09f2f0e84094c9d44fd1ed3733
step,step-02-discussion,core,core/workflows/lr-discuss/steps/step-02-discussion.md,5712230f6bbf16765b92a78ed75536ca7d7428e42134160f619ef756a7a0b09b
step,step-03-exit,core,core/workflows/lr-discuss/steps/step-03-exit.md,0bf5dd91c7ca6da88774d94a2ca7e7be3b72a433452314027cb1f891fee971f5
workflow,workflow,core,core/workflows/lr-discuss/workflow.md,8ada449dd5f806ad4b0220427e7b6f2a35a2b3513d365b7206a17c3374a3a2f0
step,step-01-agent-loading,core,core/workflows/party-mode/steps/step-01-agent-loading.md,d8b4896ba7fe4d2fba34235bedf01735953ff19935ee9bac2bf647c5592fd475
step,step-02-discussion-orchestration,core,core/workflows/party-mode/steps/step-02-discussion-orchestration.md,89b117d068a9375b0b9d42e4554581dea70b94378bf7af7c0b8b622fe580e062
step,step-03-graceful-exit,core,core/workflows/party-mode/steps/step-03-graceful-exit.md,19e7df9af2721d51291ab8f7f8b542e58cd49cff2d966f9b250157d8771ec559
workflow,workflow,core,core/workflows/party-mode/workflow.md,b61b57ee10da89266e2c8cb5cc7434cec1a379f8a8a3bb94eb205ba3d8c4ebb7
workflow,workflow,core,core/workflows/party-mode/workflow.yaml,f1d6ef45c3747bcc96b54ece412aac85a08a8bdbc9abd96bf5517cccbdcd7dac
other,checklist,core,core/workflows/sprint-planning/checklist.md,80b10aedcf88ab1641b8e5f99c9a400c8fd9014f13ca65befc5c83992e367dd7
other,instructions,core,core/workflows/sprint-planning/instructions.md,888312e225ce1944c21a98fbf49c4f118967b3676b23919906bdeda1132a2833
other,sprint-status-template,core,core/workflows/sprint-planning/sprint-status-template.yaml,0d7fe922f21d4f00e538c265ff90e470c3e2eca761e663d84b7a1320b2f25980
workflow,workflow,core,core/workflows/sprint-planning/workflow.yaml,e5a8e51cace022db18919ca819ea1c07b60a49369e24b93bd232e9a2efbf9a8f
other,instructions,core,core/workflows/sprint-status/instructions.md,d4b7107ddbe33fb5dfc68a626c55585837743c39d171c73052cd93532c35c11d
workflow,workflow,core,core/workflows/sprint-status/workflow.yaml,375fe24859ed074a7d52a134b6c2473bdbaabb78381a193dccc7568c6dbaa680
agent,flex-publicist.customize,flex,flex/agents/flex-publicist.customize.yaml,a06a20c415c4a9c67d8f34925d7d9af0371bf995c32b3c415bc144d08406d78a
agent,flex-publicist,flex,flex/agents/flex-publicist.md,dfb8e5ae0900e1411567cffbd02cd04a975c02451ce994a4592661330137b21f
config,config,flex,flex/config.yaml,9bf794d186b223fee364d5870ceebb891285df90d59a773d1ceee1db38ae126f
knowledge,mechanics-v1,flex,flex/knowledge/viral-mechanics/mechanics-v1.md,99fcee3f3985656ca72ce4fe579505db96750e1ece0d2826483be5764ce8f7fe
config,module-help,flex,flex/module-help.csv,0a2658e80693ec46be9ae0af0e788b236ae6642268ddf60bb7b63d2566416eba
data,default-party,flex,flex/teams/default-party.csv,02406fc25a1f5c70e5f2e9524e0ae3dc6707a60ae840ec182957accafcdf316f
other,checklist,flex,flex/workflows/content-automation/checklist.md,a3cff156f7c890cc893d0e806913260b6447842839a61e1a8bed2f524c3d80e5
data,viral-library,flex,flex/workflows/content-automation/data/reference/viral-library.md,dbaf6d0bfd1a253faeeef61840acca3f92ec228a2ac628c04679da33e8642753
other,instructions,flex,flex/workflows/content-automation/instructions.md,1ad129f190e52cc9c74fe8bdebf594c0bce765b7c393341ef91e42fd38126306
step,step-01-load-session-context,flex,flex/workflows/content-automation/steps-c/step-01-load-session-context.md,a5468050fb32ccf11898a12016e19f7c654cadcd5355cfa886bee2f1da6f69c0
step,step-01b-resume-if-interrupted,flex,flex/workflows/content-automation/steps-c/step-01b-resume-if-interrupted.md,6d8ac901c232742516ea6afadab0d613c124f8af3756a8274b77c7fc2926113e
step,step-flx-01-ingest-reflection,flex,flex/workflows/content-automation/steps-c/step-flx-01-ingest-reflection.md,5af7c807a5859684f1821720dd988fef056c3c53709c14e3f512d99d49a64278
step,step-flx-02-query-viral-insights,flex,flex/workflows/content-automation/steps-c/step-flx-02-query-viral-insights.md,12e4cd3dcea5d178daafd84d2ad65a7e6f0951f54f69e83829197e3f7116cb3f
step,step-flx-03-generate-social-copy,flex,flex/workflows/content-automation/steps-c/step-flx-03-generate-social-copy.md,6b58348f2fd843c3b173755b98cf3be971be5db2b21f883a8549cc43e64aeeab
step,step-flx-04-generate-media-prompts,flex,flex/workflows/content-automation/steps-c/step-flx-04-generate-media-prompts.md,c5e8223cd8c30e310e41a2fbe600ebe79360dc26163549bc9aa746a795f0ba64
step,step-flx-05-push-to-airtable,flex,flex/workflows/content-automation/steps-c/step-flx-05-push-to-airtable.md,4b6c227ceb5c64559d29dabc090c5233674a6bfb79a4809da52f9e222b33097b
step,step-01-validate,flex,flex/workflows/content-automation/steps-v/step-01-validate.md,7ea6d0d504b6c0295d745bc44a8c1fd6cd41b6b2eadaf7860fce1df33d63d7f7
template,social-post.template,flex,flex/workflows/content-automation/templates/social-post.template.md,b3e55a030f950d36f7efe091bc2172fcb100f7506e2ba81ad07cf9346e1dc735
workflow,workflow,flex,flex/workflows/content-automation/workflow.md,967de91ac20f9c41507eec44c2984100933aba8803c14499b4524a41b06b2766
workflow,workflow,flex,flex/workflows/content-automation/workflow.yaml,2eaffdbae92f0c6aeb01dc586dde61bb71940b5acac8460053db84f361d47cbd
other,index,root,index.md,6714ca4ede54a7f752e9246945862819a9257e9bf13400c3f175867f2a7508b2
config,lr-config,root,lr-config.yaml,ba9626ac778ac23e6138cf7d5548012eeed8394c5abe7dc66050451b0b4b70f2
agent,lr-agent-builder.customize,lrb,lrb/agents/lr-agent-builder.customize.yaml,0fd71394d0b94a3d004ddff5734fa8676d529970a5526847a73cc278865d48d3
agent,lr-agent-builder,lrb,lrb/agents/lr-agent-builder.md,08a25850f9718d83f81814db0158821d1bf17c9b0a57ba114004bec492042706
agent,lr-analyst.customize,lrb,lrb/agents/lr-analyst.customize.yaml,cf2d56e0f78d6e187add125ba79c97c83a115e78ce887a4364a13164e5644f60
agent,lr-analyst,lrb,lrb/agents/lr-analyst.md,27e4e7f64b13cac06917148183279037ef31f6cbc2cd46721110a8599ca00607
agent,lr-module-builder.customize,lrb,lrb/agents/lr-module-builder.customize.yaml,ca11a1bd8cc0b87e224f468a82f8d6f253d0d77a2fa8321b6512b89f6df23da1
agent,lr-module-builder,lrb,lrb/agents/lr-module-builder.md,a1695be0ee8166e22431079dcd027191a3f20b675de39ee5747078d9088ee771
agent,lr-qa.customize,lrb,lrb/agents/lr-qa.customize.yaml,db7d3601bb7a7d0f7f919194d54f7cdc70cd4dcc7674490282fdf9434abb11a3
agent,lr-qa,lrb,lrb/agents/lr-qa.md,c44c542253b923b5f9835dbce9c121f59e8426219813feb00c89b3666f5a98c4
agent,lr-test-engineer.customize,lrb,lrb/agents/lr-test-engineer.customize.yaml,c61b8808313b67ef754cab577de93b3f2ea356e6abe0a22b4d43866e4d376054
agent,lr-test-engineer,lrb,lrb/agents/lr-test-engineer.md,479da5779eb3fbac07829ed03d2a8aa14a04548477c5329a50d6245ae1ad1d9b
agent,lr-workflow-builder.customize,lrb,lrb/agents/lr-workflow-builder.customize.yaml,196b679ac11efce070c3c1807d3da74bb797c615842cc415754760c1991bbd67
agent,lr-workflow-builder,lrb,lrb/agents/lr-workflow-builder.md,a50f44ef7bbc3d084c2f387404dca20e522ecefc2bb686898faf4d4944ceae5d
config,config,lrb,lrb/config.yaml,b813be858611418efee034cdde3020e69117fac525511a909e6d94322df04e19
script,install-stubs,lrb,lrb/scripts/install-stubs.sh,d7d0f051e8fd39d8d300f97aeb8a6a76ba303b0f0abe150b39dcf35dab7a2a99
other,agent-beads-integration,lrb,lrb/workflows/agent/agent-beads-integration.md,87baa9a38a17a1a32ad9ada1ba98510565686157f54c6bf22326cdd759b824ed
other,agent-chroma-retrieval,lrb,lrb/workflows/agent/agent-chroma-retrieval.md,74697dba014be5ec9defda04dc414840c32c7ceb92261d36eb35d39d8606d79d
other,agent-error-recovery,lrb,lrb/workflows/agent/agent-error-recovery.md,1c54aa179c33d162f392c204f987ad8c3d66e15f46e4974c1b20d2bab5254fbe
other,agent-handoff-protocol,lrb,lrb/workflows/agent/agent-handoff-protocol.md,4b471c41097092fc477c409e6b569ffe74eea08a21cc10476ebab002b660d1c0
other,agent-mcp-tools,lrb,lrb/workflows/agent/agent-mcp-tools.md,ca98d92b543a01d786bbb2ead69b5a363b6330ee779cc1b034b265717ae4e2fe
other,agent-mongodb-patterns,lrb,lrb/workflows/agent/agent-mongodb-patterns.md,d17b9cc4181e7aead526b89c78c29e9c570fd6dac09189dc84aa2e63e492fa97
other,agent-orchestration,lrb,lrb/workflows/agent/agent-orchestration.md,62d4261fcda353b64199bdac6f6bce5d505e4e74319e2f5efa5cd602d3263937
other,agent-state-machine,lrb,lrb/workflows/agent/agent-state-machine.md,9b1f794d6776c94f39290e37c741ad1c6b7603d2328bd564345238589099a8fd
data,agent-architecture,lrb,lrb/workflows/agent/data/agent-architecture.md,4f49a5e756f241a0e88db3b12047ebfc30ee8b05c66723a51562e00921f653a5
data,agent-compilation,lrb,lrb/workflows/agent/data/agent-compilation.md,1bd03f0ee2f754ad13df266a9f5508ef26722034a1205551f377df29e927a873
data,agent-menu-patterns,lrb,lrb/workflows/agent/data/agent-menu-patterns.md,fff107b10dd9b32c75a9f8b060e59c41cb8d23c1d8f4b6b14bbcbe269169b66e
data,agent-metadata,lrb,lrb/workflows/agent/data/agent-metadata.md,e6d6a8863cb6db3a706dcee37b21cb71e2e2a2656b9eef4f51f77bcb9306fdeb
data,agent-validation,lrb,lrb/workflows/agent/data/agent-validation.md,ae1afc33cffcf9dd18cd8a0c96e709dde30c4babbd8df39172596d5100d2c9c4
data,brainstorm-context,lrb,lrb/workflows/agent/data/brainstorm-context.md,0bc4fd43f94ad34de9315f753833023f992d39af3ebf05937ebde293a3f17555
data,communication-presets,lrb,lrb/workflows/agent/data/communication-presets.csv,7196310e92f3e77686d01123ef11cbd05331385caa64885ddff3c7b38f13c7ab
data,critical-actions,lrb,lrb/workflows/agent/data/critical-actions.md,f1812b4333272b1a617ac8946ae67c44735274d4e12dc2dc97d78c072449d8ba
data,persona-properties,lrb,lrb/workflows/agent/data/persona-properties.md,a505c195a10aef671b10c6fb6362172a839b9bcf97eff521d999185aed63d52f
data,principles-crafting,lrb,lrb/workflows/agent/data/principles-crafting.md,02fdcd547d34f9baa5d52bb46470ad5c51e7f4266547c1226203a3f73918a3fc
data,understanding-agent-types,lrb,lrb/workflows/agent/data/understanding-agent-types.md,1ddb031c9da0993b89bcd86b83918eb9de93472103a6751002e06784188adb7b
step,step-01-brainstorm,lrb,lrb/workflows/agent/steps-c/step-01-brainstorm.md,e68ea1884a71b3a44cb14de24d6a800a67ac8ab72352f21f3349d85d13497bf4
step,step-02-discovery,lrb,lrb/workflows/agent/steps-c/step-02-discovery.md,3843c091fc4082956340e0c0890b714bf866a1d85b2b5e01cd8863b5429df281
step,step-03-sidecar-metadata,lrb,lrb/workflows/agent/steps-c/step-03-sidecar-metadata.md,63d8e739a0addf7ae2fd2474361b91eaebe58c5e7d807ddf6d4407640c3125c8
step,step-04-persona,lrb,lrb/workflows/agent/steps-c/step-04-persona.md,deffe90d14a51a0056e8cd3c8b2edc030a8ca569d2b2188bcc4da57e43f27e6c
step,step-05-commands-menu,lrb,lrb/workflows/agent/steps-c/step-05-commands-menu.md,92bb1b22c14c30bbac1a40f13f400d6e6a906740cb5aa0e277f1672530f93b3f
step,step-06-activation,lrb,lrb/workflows/agent/steps-c/step-06-activation.md,1c887aba33c90bb0efe83c479d19160b3286306c6bd95a4288506db6415b60dd
step,step-07-build-agent,lrb,lrb/workflows/agent/steps-c/step-07-build-agent.md,5badeba47e0ecf5c033d1981f1e962fc0c49d0f1e6a450003ebf99731f7d32f7
step,step-08-celebrate,lrb,lrb/workflows/agent/steps-c/step-08-celebrate.md,b3397ce5f012debe3b99100c9f0f5bd8716ea9e9140b7f1a50cbc8cd6b12e818
step,e-01-load-existing,lrb,lrb/workflows/agent/steps-e/e-01-load-existing.md,e672dacda200987c944ac8aee8a8d4b25c30832eb52555ffb55235a98dacec19
step,e-02-discover-edits,lrb,lrb/workflows/agent/steps-e/e-02-discover-edits.md,8f902e4c5e0c9c54e764bbc4aadde79302bd069c6115f07ca3d8d3e756a26ef9
step,e-03-placeholder,lrb,lrb/workflows/agent/steps-e/e-03-placeholder.md,4076b77b471144f7bd58454a2652bed9a11a964bb249df95272b73590757a95e
step,e-04-sidecar-metadata,lrb,lrb/workflows/agent/steps-e/e-04-sidecar-metadata.md,170932df21c468495c1295da4122d2a730555ab8ef135a23884c5cd4b23463a8
step,e-05-persona,lrb,lrb/workflows/agent/steps-e/e-05-persona.md,93742cd56f05ff1eb25cb3357908e5e3d65c253f05260f6cf6680eea8e510a21
step,e-06-commands-menu,lrb,lrb/workflows/agent/steps-e/e-06-commands-menu.md,bcaaf0ed3a3ac1ee57393e4c5fc138ca971741019ccc8edc3fdec13bf755304c
step,e-07-activation,lrb,lrb/workflows/agent/steps-e/e-07-activation.md,287eade210793c82fa99f47871fa36666af2406d0b8710a05c061d8c4d11dbb1
step,e-08-edit-agent,lrb,lrb/workflows/agent/steps-e/e-08-edit-agent.md,1f7d857f21bbeb79fce3f2141c3627269c58a223afd90c301fec1d4087b083a4
step,e-09-celebrate,lrb,lrb/workflows/agent/steps-e/e-09-celebrate.md,20f273e2c55d5d38d49b2161bc3303a003126af61799e13a1f5e398d6578889f
step,v-01-load-review,lrb,lrb/workflows/agent/steps-v/v-01-load-review.md,eb6bbf20785bdca98336f6b8bfc893df6775551b13c01d67661d6e0577a7155e
step,v-02a-validate-metadata,lrb,lrb/workflows/agent/steps-v/v-02a-validate-metadata.md,3669dcb0235e35bd843454e2cc04ddaca8f9517c7617d79419196190044a0652
step,v-02b-validate-persona,lrb,lrb/workflows/agent/steps-v/v-02b-validate-persona.md,144ef430d5f1dc5af3a8a51c9c2b83cdd95ef5aefe0d406f7b20064c97ada4ba
step,v-02c-validate-menu,lrb,lrb/workflows/agent/steps-v/v-02c-validate-menu.md,4e8b2158dbce6d7ff3e7208da688bd74521926fbdec72933fce52f4301c112e5
step,v-02d-validate-structure,lrb,lrb/workflows/agent/steps-v/v-02d-validate-structure.md,e47d9af9855a276d5c7b93cdfd3ae25c8a6f9f28b3f3422284e867c79b05c433
step,v-02e-validate-sidecar,lrb,lrb/workflows/agent/steps-v/v-02e-validate-sidecar.md,51c675b7ab4ff44e52d147117002ae3497a97a47bf9fdf9da8edb659889bb38e
step,v-03-summary,lrb,lrb/workflows/agent/steps-v/v-03-summary.md,6167d149c018ef818508595b04c47ecd9e3c08569751932d71d3f9ac0550b34b
template,agent-plan.template,lrb,lrb/workflows/agent/templates/agent-plan.template.md,81e79756fb4c368c568ba05efcd276d1d52a111163827439733554f4d94e3094
template,agent.template,lrb,lrb/workflows/agent/templates/agent.template.md,bfaf5b7675d94279734fde32ea43a7f2383b045a027c74f426a3ea43b5f9baee
workflow,workflow-create-agent,lrb,lrb/workflows/agent/workflow-create-agent.md,11896a6292a8ca29e7cecc6e3be4628f0fcb9286ad17fd77d379c8f064168c00
workflow,workflow-edit-agent,lrb,lrb/workflows/agent/workflow-edit-agent.md,22b2789c5c373738c1e983b3c11c41b28dd084dd00759ddb13399ec4649af561
workflow,workflow-validate-agent,lrb,lrb/workflows/agent/workflow-validate-agent.md,b58223afbf53fdbc52b5a85ea23bd65498e44d3b6b7e2268e3b3ad8eaced34d5
data,agent-architecture,lrb,lrb/workflows/module/data/agent-architecture.md,ae6cfcb8ed8d13b4266feaaedf4396b86b19f97f9764c3e823086928fe71ef6b
data,agent-spec-template,lrb,lrb/workflows/module/data/agent-spec-template.md,5c02bccdb669271a7dc8f471cfff82b2e1954ee5d1a7c1c6b1a5db52f454b439
data,module-standards,lrb,lrb/workflows/module/data/module-standards.md,5ab1c0e62ef9b7a4443ce8caf276523f7084cebaba32fe774d346cb2274570e3
data,module-yaml-conventions,lrb,lrb/workflows/module/data/module-yaml-conventions.md,dbead8a76a0c54e7e4f29f3a12e618c3c00d37b33f8c0c2a5c59ee9b72628bac
other,module-help-generate,lrb,lrb/workflows/module/module-help-generate.md,6dc27b2cb761a29d829a75177b870f45671344712e5b5531126de744d314ecd2
step,step-01-welcome,lrb,lrb/workflows/module/steps-b/step-01-welcome.md,f7add524e143227d92473c518e95c75d8bb38aeaf1575ab11e47e828435d4d03
step,step-02-spark,lrb,lrb/workflows/module/steps-b/step-02-spark.md,31c471f2045aff5a0e3d3286d91b31033a3c3f0c2f8e953ce7e77a9d2992bbaa
step,step-03-module-type,lrb,lrb/workflows/module/steps-b/step-03-module-type.md,134acf5660de7a60ea0a98958a7fd33ed311f658093853c2b964495cc498406c
step,step-04-vision,lrb,lrb/workflows/module/steps-b/step-04-vision.md,e27019f65278d66fd7bef6773c2067b65c4a19ab3e8f6a00fd38acc46a6d5eb5
step,step-05-identity,lrb,lrb/workflows/module/steps-b/step-05-identity.md,3af73061a09a8616e22aa330bf339ec62cd1850cdc3592db2d47f7668be5e627
step,step-06-users,lrb,lrb/workflows/module/steps-b/step-06-users.md,0a801f27d4e276f99251f0d8de0df51fc245263005025fcee749fc51e6d3fe41
step,step-07-value,lrb,lrb/workflows/module/steps-b/step-07-value.md,eb114f61716aee19d02a78cc2011e5f8d565603225500e6efe9059af7acd2a36
step,step-08-agents,lrb,lrb/workflows/module/steps-b/step-08-agents.md,94e6dae44bd51f2b8ca412322ac53b39b993d561a4bfd3a2d909c3c737b7005c
step,step-09-workflows,lrb,lrb/workflows/module/steps-b/step-09-workflows.md,1c2d3a8189a14cd636d9019d6353bf87cb2a8d4d43028d955bbbdd89ae8ec4b0
step,step-10-tools,lrb,lrb/workflows/module/steps-b/step-10-tools.md,2b57266d055557bfdabe5262e536230899939b634743933e0e5e8ee7ef6f3caa
step,step-11-scenarios,lrb,lrb/workflows/module/steps-b/step-11-scenarios.md,fe8c761c2cd0f8e2436b98a645aa2c4164248760cd53217531db92433925b340
step,step-12-creative,lrb,lrb/workflows/module/steps-b/step-12-creative.md,89b00b2f54dccce39c302417fa594a4ca72d4ebfb6d92497a5b2049b91e589fc
step,step-13-review,lrb,lrb/workflows/module/steps-b/step-13-review.md,fab94b38834ea9fcdbbc2b4e7833cd98756073ba90aba9280c585d26e55f6567
step,step-14-finalize,lrb,lrb/workflows/module/steps-b/step-14-finalize.md,4491a5067f6849acd278f4a76c5ceac2049e34411a664d3f92828b6dfcb9f2eb
step,step-01-load-brief,lrb,lrb/workflows/module/steps-c/step-01-load-brief.md,50e19d73d78841de401bdcfbd838a7f20c95894ac2f117d3fe58afc39a51f0d2
step,step-01b-continue,lrb,lrb/workflows/module/steps-c/step-01b-continue.md,fc4ac1a3055519a5bf099653d13256c0d3c46c4b8bb04933573261e065deb3f3
step,step-02-structure,lrb,lrb/workflows/module/steps-c/step-02-structure.md,1d04aca0477b2edd943f2ba885148fd1b6895aff53c375a6a44b084de43e4be6
step,step-03-config,lrb,lrb/workflows/module/steps-c/step-03-config.md,16ce59f9af22c69924a564fa0c495912bac835acf8d240f26c36a724fc27e133
step,step-04-agents,lrb,lrb/workflows/module/steps-c/step-04-agents.md,797fbd79af3fceff40a21cec7b9f38e7cd0bdd907db00888530db29dd0b1bde7
step,step-05-workflows,lrb,lrb/workflows/module/steps-c/step-05-workflows.md,75381662fe35af388f2fe416feb8eec91983318ba51771f2e84231bbbd7eacfe
step,step-06-docs,lrb,lrb/workflows/module/steps-c/step-06-docs.md,c6b1c1ed3690c42d7db468ab8460146101fd9638562bc7707aaa661b40db0d1e
step,step-07-complete,lrb,lrb/workflows/module/steps-c/step-07-complete.md,cf0abb68579cb3c28a035b1879a20976b1c1df8cf5f8a79d25c19cc2dbc942cd
step,step-01-load-target,lrb,lrb/workflows/module/steps-e/step-01-load-target.md,5af58ebfbcd8c44137f25606c3cc35c7fe30fea10ef2c35224cafa29902e570d
step,step-02-select-edit,lrb,lrb/workflows/module/steps-e/step-02-select-edit.md,8bb575dd1904cffe4b00b80b287e665729290f8f543e19b4e9c4f1f71d4236c3
step,step-03-apply-edit,lrb,lrb/workflows/module/steps-e/step-03-apply-edit.md,27e5b92b3fdae0eff5d0c038f3e944585e5d73f0ae3189b9884b76dde47b6d99
step,step-04-review,lrb,lrb/workflows/module/steps-e/step-04-review.md,2d8fce712b5d10472f28d0343abe6cbd7574ce3cf19c42692e6f6f7626b2af00
step,step-05-confirm,lrb,lrb/workflows/module/steps-e/step-05-confirm.md,ac48892dfac340165b949da47c2a3ed1381c391254f283583e93dc4abdba5d64
step,step-01-load-target,lrb,lrb/workflows/module/steps-v/step-01-load-target.md,4c5de654e920d84e9f5b5d921b248809809ae771f2d67309a35e9b9561d6de9f
step,step-02-file-structure,lrb,lrb/workflows/module/steps-v/step-02-file-structure.md,96bfa5d6d0fc7e227c98ef7f4336ad37010b30eae3559795043df589ed3cb936
step,step-03-module-yaml,lrb,lrb/workflows/module/steps-v/step-03-module-yaml.md,a28e261a95c74b76ffc63605aca0b4d7e765242f6bc67e96112aa0c1f0534f73
step,step-04-agent-specs,lrb,lrb/workflows/module/steps-v/step-04-agent-specs.md,b134176da89948d1913d7bd340d7a26233a07891c5a75e2c2bad292b480dace5
step,step-05-workflow-specs,lrb,lrb/workflows/module/steps-v/step-05-workflow-specs.md,10c987b1d91f0a0f62a964f85ddc2f81dbec32bd4e0a9755c3784878dadbeba4
step,step-06-documentation,lrb,lrb/workflows/module/steps-v/step-06-documentation.md,761865c925c3ea959f65cc9b9fe291b19b48fb3a53e2553db660123507a21317
step,step-07-installation,lrb,lrb/workflows/module/steps-v/step-07-installation.md,7d4674c9aaee08f6f0eaebcec6b73c352049560c322f1fe178f93587ba5e9c23
step,step-08-report,lrb,lrb/workflows/module/steps-v/step-08-report.md,6057bf209b37ddfc32761cd5651266db472e352f8f067d286f6a272bf36d0e86
template,brief.template,lrb,lrb/workflows/module/templates/brief.template.md,678fb923000d22ab58d96559c26928649d1276cd138c5a49085d738cbf8490b2
template,workflow-spec.template,lrb,lrb/workflows/module/templates/workflow-spec.template.md,792980aaecc01458a7d6feb34bccf1df1d95c40968dd2e4bdd932527b6c47112
workflow,workflow-create-module,lrb,lrb/workflows/module/workflow-create-module.md,91432867536dec8b132cf4e5e2a0b00cb2998ad48c5bf261dd168204e9870352
workflow,workflow-edit-module,lrb,lrb/workflows/module/workflow-edit-module.md,4f6ecf050a9e058e8ee7b8bf53eb307f7801a568299dede1b7fc69d14161acab
workflow,workflow-module-brief,lrb,lrb/workflows/module/workflow-module-brief.md,46d129b561fa9f9f89fcb90ca3d596e4ec367bf68250c74b9332aa38320bb678
workflow,workflow-validate-module,lrb,lrb/workflows/module/workflow-validate-module.md,0a4852edf5bef55233a0c903e09f5ca870df95063b075a3bbc79a4bbc0f2c850
data,agent-qa-spec,lrb,lrb/workflows/qa/data/agent-qa-spec.md,cf34f582c5ccefeff2a3a87fa575475244aeac2f38696d9560302d0f5c48cece
data,coverage-rules,lrb,lrb/workflows/qa/data/coverage-rules.md,29e97ef9a7628716187efe715af324cffde3c55b8830c05969fdfd4a22b68e5e
data,qa-persona,lrb,lrb/workflows/qa/data/qa-persona.md,00aa9c7ab510d9998b5e3d60b8aaf36e7af4dca1d16c9c05fe0aef5986acaf87
data,qa-standards,lrb,lrb/workflows/qa/data/qa-standards.md,259858ca7467c3a2d580f2bf366eb91bae01de75a014e0a61064ed544a81aeda
data,test-patterns,lrb,lrb/workflows/qa/data/test-patterns.md,5c8d6dca9a8f44082d675b2886865ca747e6b669cb68eb8e28bee033fd591d41
data,test-plan-template,lrb,lrb/workflows/qa/data/test-plan-template.md,73fb8d14ec4357291cc40f5de15f3b4322d49946534e6b8efdb0225e778436aa
step,step-01-analyze,lrb,lrb/workflows/qa/steps-g/step-01-analyze.md,7d805c7abe2ee32a10177839d600129d26626259f3f19be9a2e1c65fc598bb00
step,step-02-plan,lrb,lrb/workflows/qa/steps-g/step-02-plan.md,c2bc8e43eb13c297691334f9d9764e5d01c064dc5daab57616b2eb57c8b51be9
step,step-03-generate,lrb,lrb/workflows/qa/steps-g/step-03-generate.md,f73dd9ad421d97278fe491cf2bf75bc42534a0f66f4f44aa4f17d6472c8d71ce
step,step-04-verify,lrb,lrb/workflows/qa/steps-g/step-04-verify.md,d072dcbd25bd293dd2058e0a03507b9bc249baa3d7b88383681c80247f1abe49
step,step-05-finalize,lrb,lrb/workflows/qa/steps-g/step-05-finalize.md,7b5cab68dc132b864e31febda62575f9f0bdc9aafe0c6d6bd67bdcd13779c186
step,step-01-collect,lrb,lrb/workflows/qa/steps-o/step-01-collect.md,79821f093a81a2d41f753f84b347998c8feabf8682cb2b430bea9b8e003ca9b5
step,step-02-run,lrb,lrb/workflows/qa/steps-o/step-02-run.md,80677b94293ec7ec59a8c50e0a236f4446fb1f25dd44fe144b4a9e2a2bbaa766
step,step-03-result,lrb,lrb/workflows/qa/steps-o/step-03-result.md,752bd4b11f8f8cc6a9384e084cd379fb865766ddb3a70843f9e8ca4ee319858b
step,step-04-badge,lrb,lrb/workflows/qa/steps-o/step-04-badge.md,67bc531058eaa2d5d2e14e4ab61585a400e61982fdd54699ef75cc823d1cbf02
workflow,workflow-generate-tests,lrb,lrb/workflows/qa/workflow-generate-tests.md,1da456fb6acabce4285524a67804bd484077fb1dbfc5d271c9d7aa955ef8ac06
workflow,workflow-quality-gate,lrb,lrb/workflows/qa/workflow-quality-gate.md,baf281cfc236086c59711a080a24c7d2c6bdd534de4b4f980d398c020f485883
agent,squick-analyst.customize,squick,squick/agents/squick-analyst.customize.yaml,54162b4d5c452f13fa020e91ce4f77f6e9fd30bd577ed8ad98609592912cfdac
agent,squick-analyst,squick,squick/agents/squick-analyst.md,e6a41a3fb3d7ac014081d23f30e5430392d4ac6f7d1ddf3d66b9687627ba5da1
agent,squick-architect.customize,squick,squick/agents/squick-architect.customize.yaml,aa3935483496ce1ecf306ef655702e9c616556cf8efb3a73f8cda6e719eb1a2a
agent,squick-architect,squick,squick/agents/squick-architect.md,e3aea36a2b15503cb2d84ab69eca895d19c0bf938e7cf205af695173a5f3677e
agent,squick-pm.customize,squick,squick/agents/squick-pm.customize.yaml,a3d108cfdce4d14e6aeaa9ff353bce2c80217575c4915f5c4b5e56b2e3d728be
agent,squick-pm,squick,squick/agents/squick-pm.md,6ec27044c3825fe6470544d228c61c4c604f5feee2c930a94dabb88592e13fb6
agent,squick-qa.customize,squick,squick/agents/squick-qa.customize.yaml,371810e4b27290f7cf474f22bde25039b1e01c60ace449b56299e204bda9fe5d
agent,squick-qa,squick,squick/agents/squick-qa.md,922b7601e74d98426278557a38188c71f78c4e0e1bc37f1b908986890b539a75
agent,squick-sm.customize,squick,squick/agents/squick-sm.customize.yaml,cab5764c66398b1a1f62524ff672fe2cdd2dca5525a0a498d2cd25dd35af272c
agent,squick-sm,squick,squick/agents/squick-sm.md,743997742b535bac59835004b1fda784748e78cbd7351985b67d2a0a987e72c5
agent,squick-tech-writer.customize,squick,squick/agents/squick-tech-writer.customize.yaml,a62feb430c853706f181fe0f7bf609c4eebe890bb8f59efa435c1291f5d3f77a
agent,squick-tech-writer,squick,squick/agents/squick-tech-writer.md,7db35a04be4222e5093339cff70b972b1e26d9d358311c2dfff61f3d6c039a1f
agent,squick-ux.customize,squick,squick/agents/squick-ux.customize.yaml,ab4f578a033caaa02593bb24f55a58907aa797e0e8ab82848bdc427d2e2fcd14
agent,squick-ux,squick,squick/agents/squick-ux.md,ace1217f8a0bd7dd37da7608e1ad3b3a90b684f91c05e7576ee7d659f47f5f76
config,config,squick,squick/config.yaml,2d51506760ad85cd33741751c9547422427091756c65e588e18f788e70b72942
config,module-help,squick,squick/module-help.csv,c5b92a935261646590a37bbcc3a439f603e2e7c0effb958718cabb3d6c0c0bb0
data,default-party,squick,squick/teams/default-party.csv,0b0ad2c5de8b45d308734ac9afd4ab8a7032a04df7779e9a1a80f789ccdf9728
data,team-enterprise,squick,squick/teams/team-enterprise.yaml,382ff6538df7520bb497c6e7b03cd12c9c2d566202dcaecec43b3f2e33b84933
other,instructions,squick,squick/workflows/1-analysis/instructions.md,f2ac784d949ff78840860bbb0ba3ad0b4b08b784bafa0ed5ac1c1a848028ae78
step,step-01-discover,squick,squick/workflows/1-analysis/steps-c/step-01-discover.md,83a1ed3074177f7a684dd4cf5e8c341972d9733107379a4a61fee1ac9f0535b0
step,step-01-load-session-context,squick,squick/workflows/1-analysis/steps-c/step-01-load-session-context.md,a5468050fb32ccf11898a12016e19f7c654cadcd5355cfa886bee2f1da6f69c0
step,step-01b-resume-if-interrupted,squick,squick/workflows/1-analysis/steps-c/step-01b-resume-if-interrupted.md,6d8ac901c232742516ea6afadab0d613c124f8af3756a8274b77c7fc2926113e
step,step-01-assess,squick,squick/workflows/1-analysis/steps-e/step-01-assess.md,5ea4fa63357be2119f4d0e3f636ecae3dcc5c5cf392d7aecf74d2c4c6b9d00d3
step,step-02-apply-edit,squick,squick/workflows/1-analysis/steps-e/step-02-apply-edit.md,e27a92a55a2373044278f11d8060835ddd5b1cb81a179be3e164948dbb92098a
template,product-brief.template,squick,squick/workflows/1-analysis/templates/product-brief.template.md,6cb929a2d517cbc43b2b291f16f376c3118673ab5acef6d2f01b96dc1bbae750
workflow,workflow,squick,squick/workflows/1-analysis/workflow.yaml,0215f71334b8fefd8a7647deaf42d94a4b13f62bb10e1b9ef0df6e030df57bd6
step,step-01-draft-prd,squick,squick/workflows/2-plan/steps-c/step-01-draft-prd.md,f0b01e5c3d0fff9e9e92335a01cfe7df3868e4e6d4cae1a88e1a49b26905e643
step,step-01-load-session-context,squick,squick/workflows/2-plan/steps-c/step-01-load-session-context.md,a5468050fb32ccf11898a12016e19f7c654cadcd5355cfa886bee2f1da6f69c0
step,step-01b-resume-if-interrupted,squick,squick/workflows/2-plan/steps-c/step-01b-resume-if-interrupted.md,6d8ac901c232742516ea6afadab0d613c124f8af3756a8274b77c7fc2926113e
step,step-01-assess,squick,squick/workflows/2-plan/steps-e/step-01-assess.md,343be88e734853cee7292189ca70feac5ec35c6502219ddd7ebbcf0162fc0bb7
step,step-02-apply-edit,squick,squick/workflows/2-plan/steps-e/step-02-apply-edit.md,4a80fa55274857524dc10784cea41be38a996a3db56e85a1477c62b06981e7a1
template,prd.template,squick,squick/workflows/2-plan/templates/prd.template.md,3421e176bf7d0c2cc432e3afde024ed26e7cc669c7904890d3acc3d3cf508a8b
workflow,workflow,squick,squick/workflows/2-plan/workflow.yaml,111f087abca5726054f8dbd0afafe4e5e6d2bcd38c9c50e7b1475f07805d6d98
other,instructions,squick,squick/workflows/3-solutioning/instructions.md,27f72d5e5331424250f629a7c992cc1ab4ae3e6358b978628cc72eb3276df78c
step,step-01-architecture-review,squick,squick/workflows/3-solutioning/steps-c/step-01-architecture-review.md,45f79a5c65771def2dd35c276348fd1b09c2993ce57666e66a5cde53fb724ee8
step,step-01-load-session-context,squick,squick/workflows/3-solutioning/steps-c/step-01-load-session-context.md,a5468050fb32ccf11898a12016e19f7c654cadcd5355cfa886bee2f1da6f69c0
step,step-01b-resume-if-interrupted,squick,squick/workflows/3-solutioning/steps-c/step-01b-resume-if-interrupted.md,6d8ac901c232742516ea6afadab0d613c124f8af3756a8274b77c7fc2926113e
step,step-01-assess,squick,squick/workflows/3-solutioning/steps-e/step-01-assess.md,6ceab5ceb09070cdf26b4fdf369fb8b735d30fdf5b88831171cd4088b0e863e9
step,step-02-apply-edit,squick,squick/workflows/3-solutioning/steps-e/step-02-apply-edit.md,2e616cde4c5d495f93d9930d67ea2f6dcf0c427bc0b531a429b5cddc14aec376
template,architecture-decision.template,squick,squick/workflows/3-solutioning/templates/architecture-decision.template.md,9402e78b55f548126e71c3a648a019cc475f787a467d83e7e0397120d580dafc
workflow,workflow,squick,squick/workflows/3-solutioning/workflow.yaml,0bb8196adc46ea9dd39686b3e7dc4c63d7e54b6e5ee1eb819d2d2d54ad32bf01
other,checklist,squick,squick/workflows/4-implementation/code-review/checklist.md,e30d2890ba5c50777bbe04071f754e975a1d7ec168501f321a79169c4201dd28
other,instructions,squick,squick/workflows/4-implementation/code-review/instructions.xml,1a6f0ae7d69a5c27b09de3efab2b205a007b466976acdeeaebf7f3abec7feb68
other,instructions,squick,squick/workflows/4-implementation/instructions.md,d2af94d92327be90ae642205da3ccde50cbd04f27ee6490a437f69039775815e
step,step-01-code-review,squick,squick/workflows/4-implementation/steps-c/step-01-code-review.md,490f63438b4876193d6dc549ea5c6d61a55b0a38c06ddba303cb1ac7c671c3a5
step,step-01-load-session-context,squick,squick/workflows/4-implementation/steps-c/step-01-load-session-context.md,a5468050fb32ccf11898a12016e19f7c654cadcd5355cfa886bee2f1da6f69c0
step,step-01b-resume-if-interrupted,squick,squick/workflows/4-implementation/steps-c/step-01b-resume-if-interrupted.md,6d8ac901c232742516ea6afadab0d613c124f8af3756a8274b77c7fc2926113e
step,step-01-assess,squick,squick/workflows/4-implementation/steps-e/step-01-assess.md,fc50f01921dbad94251fffc196612806afdb47fad8a8d77bbf316999b2a4eda2
step,step-02-apply-edit,squick,squick/workflows/4-implementation/steps-e/step-02-apply-edit.md,53b0ea6fa73ddd5c4aefc7981175d87d74b04fe7d8d949c2ebe4be7f9b56396c
workflow,workflow,squick,squick/workflows/4-implementation/workflow.yaml,225e94f35996446bf88a49bf815b634e43a9f63fbd584725ce86d63150b0fe52
data,prd-example,squick,squick/workflows/enterprise-ship/data/reference/prd-example.md,deedc7cfdd1412ab4d32cb287235ee48b6330e3952b8a09b0e2b8fee754d27ac
step,step-b-01-discovery,squick,squick/workflows/enterprise-ship/steps-b/step-b-01-discovery.md,c4e42eb8691094a4deb20c92201308ae050e852cd5cd1d41cbfc056805aeda52
step,step-b-02-briefing,squick,squick/workflows/enterprise-ship/steps-b/step-b-02-briefing.md,aff7c3275576b1924e873856e6ea2d4d2a3601ba9dd51d31e62930543fc8f3e7
step,step-01-load-session-context,squick,squick/workflows/enterprise-ship/steps/step-01-load-session-context.md,a5468050fb32ccf11898a12016e19f7c654cadcd5355cfa886bee2f1da6f69c0
step,step-01b-resume-if-interrupted,squick,squick/workflows/enterprise-ship/steps/step-01b-resume-if-interrupted.md,6d8ac901c232742516ea6afadab0d613c124f8af3756a8274b77c7fc2926113e
template,shipment.template,squick,squick/workflows/enterprise-ship/templates/shipment.template.md,f619930186f7edfb9c892456adc9d4c3054694f2ceaa3b1bc4e9ad3d1edca38a
workflow,workflow,squick,squick/workflows/enterprise-ship/workflow.md,677db7a78d0f6b97eb359a95a5973ec26f2c18e0cf6eb0cb726518712fe5a813
agent,sync-inquisitor.customize,sync,sync/agents/sync-inquisitor.customize.yaml,5d55ea10e15c45f1045f03afc7650609c2035b61a1bf593c6399a4d59b2e3175
agent,sync-inquisitor,sync,sync/agents/sync-inquisitor.md,a44c2a401153fe7cc887201ad0f3d5a0df569639da45217dab3a72ec5db88cca
agent,sync-linker.customize,sync,sync/agents/sync-linker.customize.yaml,03d9457e4a2229e1ba15469e4f8cb81bd4df715864f9de12b803c4b26d3da9b8
agent,sync-linker,sync,sync/agents/sync-linker.md,82d705ff7175cc110edc8cb089336d72fabc2dc0c86c85104f8e78911b27eaf4
agent,sync-narrator.customize,sync,sync/agents/sync-narrator.customize.yaml,9b1c725b1ba40ae7c55367fdb7cac28455e582983c73a2e2a8ec70bce3284901
agent,sync-narrator,sync,sync/agents/sync-narrator.md,a03e393002e1a4e4ecc866eb8128d75f4e19d43d34a16a029c7bd0d06f041029
agent,sync-parser.customize,sync,sync/agents/sync-parser.customize.yaml,f683dcc9d6a03f49146847f4285fe7df1fe6f6b20734a90c8d9c0696f7e0fdc9
agent,sync-parser,sync,sync/agents/sync-parser.md,f150a0b4faa1676da7e7218fd72f458b4cf04b1dcce95358471bfe79fd4b5b60
agent,sync-publicist.customize,sync,sync/agents/sync-publicist.customize.yaml,46073565cf216c53ff1fc644dafb3561c4e24eabecbd27bd6daeeae5ac3f7482
agent,sync-publicist,sync,sync/agents/sync-publicist.md,fb88df4ebc6d2d6fada94ee5b2455e22f7daa33ce5d83ed1980f9a3844ceedfd
agent,sync-refiner.customize,sync,sync/agents/sync-refiner.customize.yaml,1b511bb62ede8d4a3482b1f8313a05514149adee58deb8839fca13ae4a45f1c1
agent,sync-refiner,sync,sync/agents/sync-refiner.md,25502da1b693de6e773658cc98e9b627dd7902de65eb5981e2dad3f0d0f79bb0
agent,sync-scout.customize,sync,sync/agents/sync-scout.customize.yaml,f2c54ef7ae8726aa964caef9f6aad0d4794db53dc385d6f1cf0c9832de6a59cd
agent,sync-scout,sync,sync/agents/sync-scout.md,4060450ae22c69f68ec86ad3bffd87f65573620ce33b24a4d49d46ef7340a556
agent,sync-sizer.customize,sync,sync/agents/sync-sizer.customize.yaml,a910b938ce52aac96b330baa8469d29edc9eac12ed74a9e3087cb75006981a4f
agent,sync-sizer,sync,sync/agents/sync-sizer.md,fa7c6265304abfe1bf856179f7db1fdcb9021286e74c77c66af05e51d522be96
agent,sync-styler.customize,sync,sync/agents/sync-styler.customize.yaml,f001e9b00f429ff0acb57dc6ca3b3bab76533e6bdba13d04e7389ec055ca2daa
agent,sync-styler,sync,sync/agents/sync-styler.md,81a6a5b28e9102f11ece8266b0be7d8be64c17ea19475750f6389cc1828fb875
agent,sync-tracker.customize,sync,sync/agents/sync-tracker.customize.yaml,42216efe7c1ff4306118320e9aa6ea3fa372ae954551588e56defad71d016b1f
agent,sync-tracker,sync,sync/agents/sync-tracker.md,f5996cba89958f5bbc4a97d4a7922cf0052922c94f730a79a44dc4d36fce2f23
config,config,sync,sync/config.yaml,a9dfff930a334331e91c52d56c9aae74fb58a63285680979c0701e075a4b7d08
other,SYNC-DESIGN-AND-TECHNICAL-SPECS,sync,sync/docs/SYNC-DESIGN-AND-TECHNICAL-SPECS.md,8cd5ced65068df3ee3b006370bff434fc6a759be526ebccecbfa67bd3b5c4d27
other,SYNC-PRODUCT-AND-STRATEGY,sync,sync/docs/SYNC-PRODUCT-AND-STRATEGY.md,c9db438b2f3e0e62cc2beb728c74469330476618fe756b088d393ee79d81e62f
knowledge,alignment-patterns,sync,sync/knowledge/patterns/alignment-patterns.md,a14ab18162f335ba9c7fe15a19a79d490540531b175d016f244b44a0c222240a
knowledge,recruiter-psychology,sync,sync/knowledge/patterns/recruiter-psychology.md,3a976c467d3d2ee2f5f616bbd93567b49b057f557a63f9d97d804bc7895e2b37
knowledge,patterns-v1,sync,sync/knowledge/recruiter-intelligence/patterns-v1.md,87b3bc55b2850dbe25105a962cb43527ab9af7ed0dd0845f8932ab3f61879ec0
config,module-help,sync,sync/module-help.csv,6a4ba5ed39537705c4e55d657a564b7140e80b5aa76769bd1888566559144e66
data,default-party,sync,sync/teams/default-party.csv,06f836cb5654027d5315601ce9cfba96ad36d03ffb7744ec23d06924ef9710b4
data,team-resume-review,sync,sync/teams/team-resume-review.yaml,eebc09f6589f678f9e20635bf7e0fe70815f70b7c3a6b4005feaae6c8bbc3ec3
other,instructions,sync,sync/workflows/application-track/instructions.md,5b29e45e1cb33c32d2f6b345f4a604ac7f12fff9af511ce81e931d4201066fc5
step,step-01-ingest-target,sync,sync/workflows/application-track/steps-c/step-01-ingest-target.md,a35c4cb4217acafd0275db7981e1043de2a29dc0a4142fa083065a4b46900df2
step,step-02-match-score,sync,sync/workflows/application-track/steps-c/step-02-match-score.md,cc4618bdb57e5b67c7dce93b5bb15744696795f43a0f91a89b88e6ec9e17a2cc
step,step-03-generate-entry,sync,sync/workflows/application-track/steps-c/step-03-generate-entry.md,16571c92081cf631aea5569db357beaae8c3733e29305933e5c18b27179b17e9
step,step-01-assess,sync,sync/workflows/application-track/steps-e/step-01-assess.md,1bb52aee5d7ec5f8a0b480106a2e328bb3257ba20c835e1e58b0d396b8dea1c3
step,step-02-apply-edit,sync,sync/workflows/application-track/steps-e/step-02-apply-edit.md,e9368f2359afdff3fed14b9ece6660de0b670e12da7d734050f6cf862077a444
step,step-01-validate,sync,sync/workflows/application-track/steps-v/step-01-validate.md,b4a8de8dd5194a21ca03b7bb12141790dfc7088e0842efe6ad24305ad8d8c4a5
step,step-02-roi-check,sync,sync/workflows/application-track/steps-v/step-02-roi-check.md,b0412c8a792d7090efc69e0174975e64a084da64402083acb3378419dfaab723
step,step-03-roi-check,sync,sync/workflows/application-track/steps-v/step-03-roi-check.md,443250dbbc1b4eca4391ecd38b8e48763dc983a258372ca2ac02ba002ec39961
step,step-04-roi-check,sync,sync/workflows/application-track/steps-v/step-04-roi-check.md,665fc8784441fbf62f4562003b39b19c4fc26c2a0cd801792c28363d56ff96c2
step,step-05-roi-check,sync,sync/workflows/application-track/steps-v/step-05-roi-check.md,0301d7c612a3c87266b9f902295214b4bb1b051c82f488bbfa89115385c1f3a1
step,step-06-roi-check,sync,sync/workflows/application-track/steps-v/step-06-roi-check.md,e8ada4d91157696ceb673032a47b4de393de8ab3feaefa86fc73202735920c50
step,step-07-roi-check,sync,sync/workflows/application-track/steps-v/step-07-roi-check.md,880bc5208ff0047197e3b5b7031b46d83464ca7e5ccaa500c86b796376a85b68
template,application-tracker.template,sync,sync/workflows/application-track/templates/application-tracker.template.md,73ad29441badbccb9b9ebd47d53b20082c42f0ad28e0da4a17cf421b860f91d7
workflow,workflow,sync,sync/workflows/application-track/workflow.yaml,978bb3d19df22a22d030d19eb6a46374008998338eedab60e3e5630de11465ff
other,checklist,sync,sync/workflows/jd-optimize/checklist.md,bc829fae9f514034b9b0198749c56093e67cbb0f08b543bbfe17a8ee8585ce6e
data,ats-keyword-weights,sync,sync/workflows/jd-optimize/data/reference/ats-keyword-weights.yaml,e3cbbeff8085e7010ac4b1a7c908be026bcd9453d2480ba17a34a9ce93392946
data,branded-vocabulary,sync,sync/workflows/jd-optimize/data/reference/branded-vocabulary.yaml,26da53d7c47a512da937c9f474316c3df3202290f9177686f04d710ae8e8014c
data,compensation-bands,sync,sync/workflows/jd-optimize/data/reference/compensation-bands.yaml,4024c93266955848349f1c4816e6d67b1cd3897faee9654b905ee62998fa8670
data,cultural-tokens,sync,sync/workflows/jd-optimize/data/reference/cultural-tokens.yaml,951ce812803e61d56ec816f5743a9c8c67cfab457c6c9b7fe990fae680d49f94
data,follow-up-cadence,sync,sync/workflows/jd-optimize/data/reference/follow-up-cadence.yaml,4ea08cc3a66aa62fbd9a7a86f308ceeeefe3a303327a1d959a448c697da18ffe
data,industry-signals,sync,sync/workflows/jd-optimize/data/reference/industry-signals.yaml,83c5856166e140a789ac3209272793c889da7ddc1eb27d49693a4c681ac171e5
data,interview-patterns,sync,sync/workflows/jd-optimize/data/reference/interview-patterns.yaml,8b1f61763595f962691edb4e2091b8a8dcd998cc0f2ccbbf57052182f7996ae6
data,jd-ontology,sync,sync/workflows/jd-optimize/data/reference/jd-ontology.yaml,9b3483f4f9f93dc6d4a67e8288de4c9176a9d34b43043c1a181294b037f7e482
data,metric-patterns,sync,sync/workflows/jd-optimize/data/reference/metric-patterns.yaml,ce1694a9b98bc4365be0bdedbee073b1a3ef278127c5c1face6599ed9b9b699f
data,networking-hooks,sync,sync/workflows/jd-optimize/data/reference/networking-hooks.yaml,cd17868a7626f05404f132e854225d6ba18903b2cd862c53dc8cfbadf72fb23a
data,resume-formatting,sync,sync/workflows/jd-optimize/data/reference/resume-formatting.yaml,db28931afcc969716347d8007ac1dc297d49b14df22fee8fb249894efe0fc9e6
data,role-taxonomy,sync,sync/workflows/jd-optimize/data/reference/role-taxonomy.yaml,bad690a5cb0cd52cdafbec39b2ab5b81111db1ef0597fada124699780d8b15b8
data,seniority-markers,sync,sync/workflows/jd-optimize/data/reference/seniority-markers.yaml,366d8184ed4cfdc837b3f13d8c0e9f5fa062d567db713ffc02e2d81ec84b85a2
other,instructions,sync,sync/workflows/jd-optimize/instructions.md,37ff22218a2266ef44b435f0be181507a701f5fc8754ca3b36fbd66c4c8f9e2d
step,step-01-assess,sync,sync/workflows/jd-optimize/steps-e/step-01-assess.md,c8681e23ea9cbb667a16b3ff8acd9765c5ab1896e70e795d8c01fe2fae250ae9
step,step-01-map,sync,sync/workflows/jd-optimize/steps-e/step-01-map.md,1041de1980249b640fb3e713663390c4d8d16e2c2a26532b0540fd56947041ed
step,step-02-apply-edit,sync,sync/workflows/jd-optimize/steps-e/step-02-apply-edit.md,c5674dcc2fccf729a02c130d4a55c185df82b2d847335e7581e40769a0ac5a23
step,step-02-map,sync,sync/workflows/jd-optimize/steps-e/step-02-map.md,55b46fefe703bcbe457c3dd65bf34aafb1a46ebdb2b5e2dc531e82d07762013b
step,step-03-map,sync,sync/workflows/jd-optimize/steps-e/step-03-map.md,bc5ad3fb3df0af3c9443c830cb1d81de8c6c20face7968858992b31ee3d3585a
step,step-04-map,sync,sync/workflows/jd-optimize/steps-e/step-04-map.md,12cfd2b543fc750393eef3fe128b2f3d230a54be156ec42a3fd41fa20db243ed
step,step-05-map,sync,sync/workflows/jd-optimize/steps-e/step-05-map.md,5cc5d600c927857e649fd9fc837de91cb5238b2c5cfc9df102d763a111de13cb
step,step-06-map,sync,sync/workflows/jd-optimize/steps-e/step-06-map.md,61930351677f9a07d09c389366c2876f992caef11a89dbd5f447eb12c7df2176
step,step-07-map,sync,sync/workflows/jd-optimize/steps-e/step-07-map.md,f9bd503a0bdef8304a261b8adf7c8277fa76cc8a6004aa6498286b22684a1b40
step,step-01-validate,sync,sync/workflows/jd-optimize/steps-v/step-01-validate.md,2d1572d04c8a5e501a38760996f8848b5cfad9a44c12b15ea0e02db9c9ffb402
step,step-02-validate,sync,sync/workflows/jd-optimize/steps-v/step-02-validate.md,898ad977674db9431f02dab6b79a6b8b783927748ba7fb5199edc1486226103c
step,step-03-validate,sync,sync/workflows/jd-optimize/steps-v/step-03-validate.md,da9bc7e273dc70d184505ab74454f1f17367d9276cf4cb615b237009b4dbe5b2
step,step-04-validate,sync,sync/workflows/jd-optimize/steps-v/step-04-validate.md,a7499f55bfcc7661ec597cfa2a6540acdcfa1f7dd49acda1378062704389e8fb
step,step-05-validate,sync,sync/workflows/jd-optimize/steps-v/step-05-validate.md,0fa8b1f6b0efa43c95d85c652e6348d6fe1603c9970f542680b0863f243e3038
step,step-06-validate,sync,sync/workflows/jd-optimize/steps-v/step-06-validate.md,ab3c95987b09f19780908b902408469001fb3a302443a6569b77354f85f3a2be
step,step-07-validate,sync,sync/workflows/jd-optimize/steps-v/step-07-validate.md,85e1eaf3e95dfa16ebc049f7caea7ccb0828bb3dc79974f41f8064cb5f6558b0
step,step-08-validate,sync,sync/workflows/jd-optimize/steps-v/step-08-validate.md,6b58a76cb8fbc2fefe1dc5150f40bbcc35c73ea04f7375563a119f56ffa29855
step,step-09-validate,sync,sync/workflows/jd-optimize/steps-v/step-09-validate.md,0e36012fa37da6695531043ad30a0be0db43db979b6e12c44f59fced99902c65
step,step-10-validate,sync,sync/workflows/jd-optimize/steps-v/step-10-validate.md,c38deacb5ad7a3d7106e87afb572fd4b522f7b749e23bfc15fa5134098e68e45
template,optimized-jd.template,sync,sync/workflows/jd-optimize/templates/optimized-jd.template.md,3db23e3344662d94f33f462b60456bda7a48150bea71dc054e15ccfd0797eecd
workflow,workflow,sync,sync/workflows/jd-optimize/workflow.md,ed3fca61dfd4a7dd3af724f9b27d06e6c97e948dee31fd9d8ebaa9b6add06e43
workflow,workflow,sync,sync/workflows/jd-optimize/workflow.yaml,20097e475c6a8eb81d94665143f1d5e3a0c9fc59106e20031ef341ddf268ec3d
other,checklist,sync,sync/workflows/outbound-campaign/checklist.md,12f822e7c12ecf8ab7b8e80efea0f4b831ce42d3e202381680c3e626d5e03f4d
data,jd-example,sync,sync/workflows/outbound-campaign/data/reference/jd-example.md,ae2ea75d55579173e1cc57e8cd136c1f84a2833f3061d085ebcd984d79516551
other,instructions,sync,sync/workflows/outbound-campaign/instructions.md,a0faedeba2e585195a77ddf97fbd006177c4ca1a2bc67248fd5c43c938f80a9d
step,step-01-load-session-context,sync,sync/workflows/outbound-campaign/steps-c/step-01-load-session-context.md,a5468050fb32ccf11898a12016e19f7c654cadcd5355cfa886bee2f1da6f69c0
step,step-01b-resume-if-interrupted,sync,sync/workflows/outbound-campaign/steps-c/step-01b-resume-if-interrupted.md,6d8ac901c232742516ea6afadab0d613c124f8af3756a8274b77c7fc2926113e
step,step-out-01-ingest,sync,sync/workflows/outbound-campaign/steps-c/step-out-01-ingest.md,03963c52c35e413c6e33723b26c3cebb4a3ac6599d50dd244767050b07848461
step,step-out-02-strategy,sync,sync/workflows/outbound-campaign/steps-c/step-out-02-strategy.md,ee5af216094f0164388c48e019fc8dcee03953cc501123eeaa339ecdaf5794db
step,step-out-03-cover-letter,sync,sync/workflows/outbound-campaign/steps-c/step-out-03-cover-letter.md,2fc12732b1533641936b530a76a0baa819459619b6f1d75a201912637f1da4ab
step,step-out-04-in-mail,sync,sync/workflows/outbound-campaign/steps-c/step-out-04-in-mail.md,116504c79030c90caaa363c1af04cb377472cd96e484b3dfb0d0b8167a39ca44
step,step-out-05-connect-invite,sync,sync/workflows/outbound-campaign/steps-c/step-out-05-connect-invite.md,1dcfbf4adb3d9b4e993a2f68d870eea1b780af914c29d9e4922b447891ac34bc
step,step-out-06-profile-updates,sync,sync/workflows/outbound-campaign/steps-c/step-out-06-profile-updates.md,f2c2ee07561117928a55676055be3a94a2ad986be5e92ef2275c4c5f7b11bf04
step,step-01-assess,sync,sync/workflows/outbound-campaign/steps-e/step-01-assess.md,ac96a25a5c037caf424f2f2c1d9c80d78b25a6e5d00df9612c17598d9305bd24
step,step-02-apply-edit,sync,sync/workflows/outbound-campaign/steps-e/step-02-apply-edit.md,ab955ac9aa6a8729a30f98c2138f26991509189b079ba98f3ba23f761d316d23
step,step-01-validate,sync,sync/workflows/outbound-campaign/steps-v/step-01-validate.md,d906543538aa2fa7161b447039aafcb00e82ab7b2857b6a305a825a8b499d478
template,campaign.template,sync,sync/workflows/outbound-campaign/templates/campaign.template.md,bde78d63c5663555304a7c568780a03c8d6e4d0434a8e34c6f3fb294c47579ca
workflow,workflow,sync,sync/workflows/outbound-campaign/workflow.md,bbf672636b8ffd33990182e6385d8b11065b3103932e9902e1beb20dba1cc172
workflow,workflow,sync,sync/workflows/outbound-campaign/workflow.yaml,74cf267daef960e0f5f598390e0bca85865e724c9614075d17cfcc6a3ad7d965
other,checklist,sync,sync/workflows/portfolio-deploy/checklist.md,1cf99769b5c81d10f9efc77ea4a0f1ba4253482d9357a405fc8b120ae8ac7c01
other,instructions,sync,sync/workflows/portfolio-deploy/instructions.md,2f8cd4934322c88bdf1ba776c06632899034dc3e6db0677f83ead122ddfc02c8
step,step-01-load-session-context,sync,sync/workflows/portfolio-deploy/steps-c/step-01-load-session-context.md,a5468050fb32ccf11898a12016e19f7c654cadcd5355cfa886bee2f1da6f69c0
step,step-01b-resume-if-interrupted,sync,sync/workflows/portfolio-deploy/steps-c/step-01b-resume-if-interrupted.md,6d8ac901c232742516ea6afadab0d613c124f8af3756a8274b77c7fc2926113e
step,step-port-01-compile,sync,sync/workflows/portfolio-deploy/steps-c/step-port-01-compile.md,6a8a3b56987d8c546f7e2f5aeae35c1b040ce01bd1d6ce0c8fbb9e02fc34865b
step,step-port-02-beyond-the-papers,sync,sync/workflows/portfolio-deploy/steps-c/step-port-02-beyond-the-papers.md,1ceadc0f3b88c52808fdcb85ffb8ea803f518496da7dcb49002090fce5951c55
step,step-port-03-deploy,sync,sync/workflows/portfolio-deploy/steps-c/step-port-03-deploy.md,cd06d2f15b11cfe0cdbcded1cbd406971cfaff92dda22763d6a46fd6a1581510
step,step-01-assess,sync,sync/workflows/portfolio-deploy/steps-e/step-01-assess.md,a384f3505621f524a45537cebf476d2c1779f97165066b750506ea4aac6127c0
step,step-02-apply-edit,sync,sync/workflows/portfolio-deploy/steps-e/step-02-apply-edit.md,cdb9f74cafd2d6334279aa2d69bbd65a7797bbd7819fd37b1f60ad1e2211d50a
step,step-01-validate,sync,sync/workflows/portfolio-deploy/steps-v/step-01-validate.md,1250b384df143d4d3c13c887c9133e1badcc2807177478cec2887ab662edcda8
template,portfolio.template,sync,sync/workflows/portfolio-deploy/templates/portfolio.template.md,fb3676dd4a1249159bb888b6863fb8c5756cbe67ddd05c58b0d934540bd9b08f
workflow,workflow,sync,sync/workflows/portfolio-deploy/workflow.md,246a5735dc02abb720b80e935a7a06496412e88040e2aa64543cabe0c3ed7e26
workflow,workflow,sync,sync/workflows/portfolio-deploy/workflow.yaml,e25c5a74dc77dc2bae5b674840a1619a2cd4e2e62207e42dc8ef581bf24b9379
other,checklist,sync,sync/workflows/quick-optimize/checklist.md,b25ffe83ae6543101370b9934a811503bc1bee5ae62345af734c26f3160f8978
other,instructions,sync,sync/workflows/quick-optimize/instructions.md,7fe3d8fe6e5f8edc9111503f9c13188d82804b04645e71de6b9b1c3567633816
step,step-01-ingest-diff,sync,sync/workflows/quick-optimize/steps-c/step-01-ingest-diff.md,dcdafc20802fd5ec4b66d4e6f34686bbe4fd5bd2f35b2fd0abd8b3265b76b2ca
step,step-01-load-session-context,sync,sync/workflows/quick-optimize/steps-c/step-01-load-session-context.md,a5468050fb32ccf11898a12016e19f7c654cadcd5355cfa886bee2f1da6f69c0
step,step-01b-resume-if-interrupted,sync,sync/workflows/quick-optimize/steps-c/step-01b-resume-if-interrupted.md,6d8ac901c232742516ea6afadab0d613c124f8af3756a8274b77c7fc2926113e
step,step-02-rapid-edit,sync,sync/workflows/quick-optimize/steps-c/step-02-rapid-edit.md,fc43effaa4c7cdce1470e558568d340cd899277b2ad98d66fe2eabc413e00ea6
step,step-03-adversarial-review,sync,sync/workflows/quick-optimize/steps-c/step-03-adversarial-review.md,3e78abf01625a5b4c06a01d5f891d89454e50cbec82d7529065e196f359e77ce
step,step-04-self-check,sync,sync/workflows/quick-optimize/steps-c/step-04-self-check.md,c6a365fcceac0475542c3871fc8465da2f88388b7ffb6ebb318ef7748732610e
step,step-05-finalize,sync,sync/workflows/quick-optimize/steps-c/step-05-finalize.md,df836a18575461eb52ba7258b9b94f01287c8a7228731ed37ffb7c7d15e6e01d
step,step-01-assess,sync,sync/workflows/quick-optimize/steps-e/step-01-assess.md,f8c05cd8b100749327f042e0eefdb421f1e9056477e6fb626586e6d4be489a5f
step,step-02-apply-edit,sync,sync/workflows/quick-optimize/steps-e/step-02-apply-edit.md,ee1c2e69bbaa9a22eb641db8e2cccd4fb9e66ef776b497e6f851a7678f4b947e
step,step-01-validate,sync,sync/workflows/quick-optimize/steps-v/step-01-validate.md,5bb7be28acdaf321d8d526b0859ba9a81ae7534523c6100002c5f4aa26322866
template,quick-update.template,sync,sync/workflows/quick-optimize/templates/quick-update.template.md,64b778750feeb28423c5bdc30b68578d50f25ca0588810a66eecb97ecacbd1a1
workflow,workflow,sync,sync/workflows/quick-optimize/workflow.yaml,c01640ad4a9bf1b9d49387f14dbf2c5a7c4664f659c5ae5c5a6b9bcfec50723b
data,signal-ontology,sync,sync/workflows/signal-capture/data/signal-ontology.yaml,6b3c56206ef7c42f8b8e4ed001a109d96767af766430105640c8fb61c6d91849
other,instructions,sync,sync/workflows/signal-capture/instructions.md,b0de6843c68044118e8c6fe2258090fdd6875561407c8eece9040049ab323990
step,step-01-capture,sync,sync/workflows/signal-capture/steps-c/step-01-capture.md,aa7d3f1c7f10a73383f5aef928f197f2a22abacdbdfb231d272c3f566619ab59
step,step-02-extract,sync,sync/workflows/signal-capture/steps-c/step-02-extract.md,9ea689f70a31a277b157a665d6cd1d4533098fed4f1721d320b62ae195c7818a
step,step-01-assess,sync,sync/workflows/signal-capture/steps-e/step-01-assess.md,c8681e23ea9cbb667a16b3ff8acd9765c5ab1896e70e795d8c01fe2fae250ae9
step,step-02-apply-edit,sync,sync/workflows/signal-capture/steps-e/step-02-apply-edit.md,c5674dcc2fccf729a02c130d4a55c185df82b2d847335e7581e40769a0ac5a23
step,step-01-validate,sync,sync/workflows/signal-capture/steps-v/step-01-validate.md,2d1572d04c8a5e501a38760996f8848b5cfad9a44c12b15ea0e02db9c9ffb402
template,career-signals.template,sync,sync/workflows/signal-capture/templates/career-signals.template.md,aa040fd9d6ed92412f8cfb615f5aa82e0d575b13a8a5575e199024ef90dcd7fc
workflow,workflow,sync,sync/workflows/signal-capture/workflow.yaml,1f09644d8d979934aed1669a05a952a7af0859d3ddc74235f2d188985eea55bc
agent,tea-scout.customize,tea,tea/agents/tea-scout.customize.yaml,51ef3a8952987d41712a06a28b52895f99714404888296b48ef3ed88e56482ee
agent,tea-scout,tea,tea/agents/tea-scout.md,775e92de25baeedae89bf244490480152276d221cfe99666fb60611d5a7175bf
agent,tea-validator.customize,tea,tea/agents/tea-validator.customize.yaml,2dcb4a0be044a5a7881fe704c2687141a4d3b0e6323121f6d2858a8ad48844cd
agent,tea-validator,tea,tea/agents/tea-validator.md,a8b60b51f285f57273997a6978e83b4285108b01cbdbd17fb67ddbb7444da1e1
config,config,tea,tea/config.yaml,bac388f8d9f5aaca0628b24dae942bbfd5053486109b6e7883f55b650165dc91
knowledge,adr-quality-readiness-checklist,tea,tea/knowledge/adr-quality-readiness-checklist.md,a8129b16c3b2afbc1f58fe5edc73dc8f1291c172c6ca009d92f1947bef1a237e
knowledge,api-request,tea,tea/knowledge/api-request.md,d14f6e26151c48424d60cde5db81c0ffc8ec72eaf3357f27b4e137f222a4c4e3
knowledge,api-testing-patterns,tea,tea/knowledge/api-testing-patterns.md,4b1b7069737d4916853f1393d1cd804ce7061454ad250fb919046a78b77c2648
knowledge,auth-session,tea,tea/knowledge/auth-session.md,2b3de2a9468caf85f0e47ba9d79b142f424b6c10e3a342c264f1cf73d2f70ddc
knowledge,burn-in,tea,tea/knowledge/burn-in.md,5ba3d2abe6b961e5bc3948ab165e801195bff3ee6e66569c00c219b484aa4b5d
knowledge,ci-burn-in,tea,tea/knowledge/ci-burn-in.md,46fa84e900a8ab04ce9e3d2b074a20a3934f4318232c116d091c7df329252d97
knowledge,component-tdd,tea,tea/knowledge/component-tdd.md,88bd1f9ca1d5bcd1552828845fe80b86ff3acdf071bac574eda744caf7120ef8
knowledge,contract-testing,tea,tea/knowledge/contract-testing.md,3ba69f7d93f40a2c371c90510d71239c8ab0597386f8f0eb1882ecf60d9a093b
knowledge,data-factories,tea,tea/knowledge/data-factories.md,d7428fe7675da02b6f5c4c03213fc5e542063f61ab033efb47c1c5669b835d88
knowledge,email-auth,tea,tea/knowledge/email-auth.md,43f4cc3138a905a91f4a69f358be6664a790b192811b4dfc238188e826f6b41b
knowledge,error-handling,tea,tea/knowledge/error-handling.md,8a314eafb31e78020e2709d88aaf4445160cbefb3aba788b62d1701557eb81c1
knowledge,feature-flags,tea,tea/knowledge/feature-flags.md,f6db7e8de2b63ce40a1ceb120a4055fbc2c29454ad8fca5db4e8c065d98f6f49
knowledge,file-utils,tea,tea/knowledge/file-utils.md,7d1092930118fb160b9c0a4a48c398d9b08bb909d1e2432662d8e81e1e3b0087
knowledge,fixture-architecture,tea,tea/knowledge/fixture-architecture.md,a3b6c1bcaf5e925068f3806a3d2179ac11dde7149e404bc4bb5602afb7392501
knowledge,fixtures-composition,tea,tea/knowledge/fixtures-composition.md,8e57a897663a272fd603026aeec76941543c1e09d129e377846726fd405f3a5a
knowledge,intercept-network-call,tea,tea/knowledge/intercept-network-call.md,ac8213cc28a9f9c452a6fb419356dd1d66ce495d7f29d188fcb1bb51456ba869
knowledge,log,tea,tea/knowledge/log.md,54b09992275e1ab361bf109b342a7d487cbb5bafa4e9cc48b320a1a5eb11857f
knowledge,network-error-monitor,tea,tea/knowledge/network-error-monitor.md,c9041fd4af8162580a12c7adad79fdf7539fae7d6717fe7dace05e851c1b734c
knowledge,network-first,tea,tea/knowledge/network-first.md,2920e58e145626f5505bcb75e263dbd0e6ac79a8c4c2ec138f5329e06a6ac014
knowledge,network-recorder,tea,tea/knowledge/network-recorder.md,ebd7a63b5834d69c75a826d775d86d466e0a0e4393101452198fe39da44772a6
knowledge,nfr-criteria,tea,tea/knowledge/nfr-criteria.md,e63cee4a0193e4858c8f70ff33a497a1b97d13a69da66f60ed5c9a9853025aa1
knowledge,overview,tea,tea/knowledge/overview.md,351418dc882d0136053bc669f14d350d173f3759b16e58329dd5c4d282e59967
knowledge,pact-consumer-di,tea,tea/knowledge/pact-consumer-di.md,dbc3b6f4a11656dffdfc034c38cc69e94fa6b2d5bb39d3f5ee2ae25b53cdc4dd
knowledge,pact-consumer-framework-setup,tea,tea/knowledge/pact-consumer-framework-setup.md,892756cd707a629a569fcc812c0b2796d75afa61e4ca94cbdaaf30b7beb17beb
knowledge,pact-mcp,tea,tea/knowledge/pact-mcp.md,c98b5bb74aa238af47aab8a00bee20afd25ceda7e50381ff4f18f6a91f9e6045
knowledge,pactjs-utils-consumer-helpers,tea,tea/knowledge/pactjs-utils-consumer-helpers.md,12afbce8a0ec0adc3b578c0225975b2912a1acb7e6b5cc12ee60a4f9bad379bf
knowledge,pactjs-utils-overview,tea,tea/knowledge/pactjs-utils-overview.md,64fcf26c2d5c7c183c8d7a83ed20d1f1857182724cfed5e92318dadb1b258584
knowledge,pactjs-utils-provider-verifier,tea,tea/knowledge/pactjs-utils-provider-verifier.md,ac3e0d6e3137f927fef822a33f33d03c78d0a1ccd950fbca93ef1ef9276c109c
knowledge,pactjs-utils-request-filter,tea,tea/knowledge/pactjs-utils-request-filter.md,6f900300880f2544511436fa68c24268b3b28e0498af6dc43c848047a3cbff18
knowledge,playwright-cli,tea,tea/knowledge/playwright-cli.md,e6d91a73ae853aab5aefa7aebd3245f01f8fbc0d7cbd81966f16815e6c7a2c53
knowledge,playwright-config,tea,tea/knowledge/playwright-config.md,42516511104a7131775f4446196cf9e5dd3295ba3272d5a5030660b1dffaa69f
knowledge,probability-impact,tea,tea/knowledge/probability-impact.md,446dba0caa1eb162734514f35366f8c38ed3666528b0b5e16c7f03fd3c537d0f
knowledge,recurse,tea,tea/knowledge/recurse.md,7937897b8d8fd74ab647634fb549ba9344e86d39f9a705e8731a7531e51ad726
knowledge,risk-governance,tea,tea/knowledge/risk-governance.md,2fa2bc3979c4f6d4e1dec09facb2d446f2a4fbc80107b11fc41cbef2b8d65d68
knowledge,selective-testing,tea,tea/knowledge/selective-testing.md,c14c8e1bcc309dbb86a60f65bc921abf5a855c18a753e0c0654a108eb3eb1f1c
knowledge,selector-resilience,tea,tea/knowledge/selector-resilience.md,a55c25a340f1cd10811802665754a3f4eab0c82868fea61fea9cc61aa47ac179
knowledge,test-healing-patterns,tea,tea/knowledge/test-healing-patterns.md,b44f7db1ebb1c20ca4ef02d12cae95f692876aee02689605d4b15fe728d28fdf
knowledge,test-levels-framework,tea,tea/knowledge/test-levels-framework.md,80bbac7959a47a2e7e7de82613296f906954d571d2d64ece13381c1a0b480237
knowledge,test-priorities-matrix,tea,tea/knowledge/test-priorities-matrix.md,321c3b708cc19892884be0166afa2a7197028e5474acaf7bc65c17ac861964a5
knowledge,test-quality,tea,tea/knowledge/test-quality.md,97b6db474df0ec7a98a15fd2ae49671bb8e0ddf22963f3c4c47917bb75c05b90
knowledge,timing-debugging,tea,tea/knowledge/timing-debugging.md,c4c87539bbd3fd961369bb1d7066135d18c6aad7ecd70256ab5ec3b26a8777d9
knowledge,visual-debugging,tea,tea/knowledge/visual-debugging.md,072a3d30ba6d22d5e628fc26a08f6e03f8b696e49d5a4445f37749ce5cd4a8a9
other,checklist,tea,tea/workflows/resume-validation/checklist.md,489fca3dc95d72c1cf3ece1f29c8df6ebaf90b3d18102d14e94cef8c5a63dafa
step,step-01-integrity-check,tea,tea/workflows/resume-validation/steps-c/step-01-integrity-check.md,88c294158a16e3558b262842ad28126f64a4e3c395bebfc74a56b37a1bd5a636
workflow,workflow,tea,tea/workflows/resume-validation/workflow.yaml,9e66f1b57cb582dde511ac71e8f43dc3b72f65c9c254c4f95e539af332fb0619
config,workflow-manifest,root,workflow-manifest.csv,f0c996649b4913b4b86bbcd81fb5e6095b6b07a0380ecea51123443f7a0a3e7e
step,step-01-ingest-jd,sync,_lr/sync/workflows/jd-optimize/steps-c/step-01-ingest-jd.md,5f278cc768482ec30c415feb53774dc3af8564f66001d99690ddeb5b23ec5a37
step,step-01-load-session-context,sync,_lr/sync/workflows/jd-optimize/steps-c/step-01-load-session-context.md,45e5aafe047ee686bd27b980377f2e6670ba9be8ab15f4bacc0c3768e19d1bf6
step,step-01b-resume-if-interrupted,sync,_lr/sync/workflows/jd-optimize/steps-c/step-01b-resume-if-interrupted.md,9ae14744859ad33eb8d3fe03f5deba028141c2d14e87b934b0c7e51583a49d50
step,step-02-map-jd-to-signals,sync,_lr/sync/workflows/jd-optimize/steps-c/step-02-map-jd-to-signals.md,38a835ca0e907451ec948e9acba9afa40b72ad452bdbd8aa13d5f65fee007888
step,step-03-keyword-extraction,sync,_lr/sync/workflows/jd-optimize/steps-c/step-03-keyword-extraction.md,859b97b71416466f06ea1608070a36c4f0659ee46899cbaf05f291c8f53ab1d0
step,step-04-competitive-moat,sync,_lr/sync/workflows/jd-optimize/steps-c/step-04-competitive-moat.md,bd6d6f44756f4f198ddc1fa00182d1e53a782ddb4223481985a6c05117b9ee1f
step,step-05-adversarial-review,sync,_lr/sync/workflows/jd-optimize/steps-c/step-05-adversarial-review.md,10f75beff97bcb9b6427c6a2fa488a345c6ee09a2274e0cfac605aef1ff4cf06
step,step-06-final-output,sync,_lr/sync/workflows/jd-optimize/steps-c/step-06-final-output.md,a182f9aa0218132f50bab96f8268e26673ab73b490ef56857bbd2280229dcf36
step,step-06a-score-tech-pm-fit,sync,_lr/sync/workflows/jd-optimize/steps-c/step-06a-score-tech-pm-fit.md,3ad1643c22ae627f673a3a3d1f85550f8a66dc9a0ca7385b3cb2480974d8b645
step,step-06b-score-growth-pm-fit,sync,_lr/sync/workflows/jd-optimize/steps-c/step-06b-score-growth-pm-fit.md,b7838cc6b60e768dc79401946a97fab14d62ce1a48921321ca610d815bb93344
step,step-06c-score-strategy-pm-fit,sync,_lr/sync/workflows/jd-optimize/steps-c/step-06c-score-strategy-pm-fit.md,15c4ee9db4434934a3f0f3e00a6faf2342954799260181310cf2d782e3611caa
step,step-06d-score-product-pm-fit,sync,_lr/sync/workflows/jd-optimize/steps-c/step-06d-score-product-pm-fit.md,9778481add42d7bfc4532b69c2fa5367093d1063fa3304c891a81a75f13b2a01
step,step-06e-select-primary-persona,sync,_lr/sync/workflows/jd-optimize/steps-c/step-06e-select-primary-persona.md,269422916eb673d9f6afb96809383accf89001f4fb69926323e4d9770f99e0a3
step,step-07-construct-retrieval-query,sync,_lr/sync/workflows/jd-optimize/steps-c/step-07-construct-retrieval-query.md,5adf6b36b1e9878ebf6d03a660246db48d1dc7fab655f20b892fab9414bc77b9
step,step-08-retrieve-top-k-signals,sync,_lr/sync/workflows/jd-optimize/steps-c/step-08-retrieve-top-k-signals.md,f37be6a117df53aa34c1f3b0b0b846587da9756e1b2358fe1e99ea05161cde9b
step,step-08a-filter-by-persona-relevance,sync,_lr/sync/workflows/jd-optimize/steps-c/step-08a-filter-by-persona-relevance.md,617c73ebc5a541e635909b0846dc81a85e6096ee0eece7da174fab94f1f17f6c
step,step-08b-rank-by-metric-density,sync,_lr/sync/workflows/jd-optimize/steps-c/step-08b-rank-by-metric-density.md,550177df6ca15f30f9f0933e09fa831137299691f22c3c5e0f8d3548ad56d1b1
step,step-08c-group-by-signal-type,sync,_lr/sync/workflows/jd-optimize/steps-c/step-08c-group-by-signal-type.md,645a8a3dbccac8e2d2c3921bd21fffdbdc7a85cf1d2b8196199248918da595b3
step,step-09a-score-keyword-coverage,sync,_lr/sync/workflows/jd-optimize/steps-c/step-09a-score-keyword-coverage.md,5bce106820494e95b9dc4926e432b05e916dd5e612a6ccf2bd2fba35ad46542e
step,step-09b-score-ownership-match,sync,_lr/sync/workflows/jd-optimize/steps-c/step-09b-score-ownership-match.md,d02ba31778e199f06f79d32fc65f706fc0d24ac648eda49121e3e97137c801d9
step,step-09c-score-metric-density,sync,_lr/sync/workflows/jd-optimize/steps-c/step-09c-score-metric-density.md,f7d1b2a87d65f8a93abf910f006f4a4a786f226f179bbe63333c4a43c2d11ba9
step,step-09d-score-persona-alignment,sync,_lr/sync/workflows/jd-optimize/steps-c/step-09d-score-persona-alignment.md,fc48eb9ed59431bdfa63b430cf0d87004d200d6dd5c5229bef1645c843d43e36
step,step-09e-score-scope-match,sync,_lr/sync/workflows/jd-optimize/steps-c/step-09e-score-scope-match.md,95ea40d97503961cca7208a1bbbadef7b199a01086b5c0dcaa6423dc3bd1fe97
step,step-09f-aggregate-baseline-score,sync,_lr/sync/workflows/jd-optimize/steps-c/step-09f-aggregate-baseline-score.md,c1fd6137fbf988daba166bbf088f418354eefa43ddc02d77df30a2799e2d3e52
step,step-10a-identify-type-a-gaps,sync,_lr/sync/workflows/jd-optimize/steps-c/step-10a-identify-type-a-gaps.md,04b5cec7e210ae3812a98cb937f02e2bc67c82f3d1805cded67d4822cecafb53
step,step-10b-identify-type-b-gaps,sync,_lr/sync/workflows/jd-optimize/steps-c/step-10b-identify-type-b-gaps.md,681a26e1a4466a95ce5e84525188ea02c1b8ef48fba11e6bccc3c0bb3d1792f4
step,step-10c-identify-type-c-gaps,sync,_lr/sync/workflows/jd-optimize/steps-c/step-10c-identify-type-c-gaps.md,9ec1da7b044ce0a0abc018a7d9731a732ea966aee1a4b5aa8432b31e1c208784
step,step-11-inquisitor-type-a-questions,sync,_lr/sync/workflows/jd-optimize/steps-c/step-11-inquisitor-type-a-questions.md,49a76d624bb4ff1b4954a8b31872c516f2cb2ac893647ea917a3618236de666f
step,step-11a-inquisitor-type-c-deepening,sync,_lr/sync/workflows/jd-optimize/steps-c/step-11a-inquisitor-type-c-deepening.md,66415a6f648b73eeed88f0d4339a762da6c0f01a15368e1a89c659017d6e9ccf
step,step-11b-confirm-and-register-signals,sync,_lr/sync/workflows/jd-optimize/steps-c/step-11b-confirm-and-register-signals.md,8234137d1b5d8f9ac5759c0a20f3e0fac2a4a22a91964e75fba34889ecac67cb
step,step-12-map-requirements-to-signals,sync,_lr/sync/workflows/jd-optimize/steps-c/step-12-map-requirements-to-signals.md,c48b646592f672602ad8d9e24a09825f957e2de7fde257784035c700b5ec1ad3
step,step-13a-plan-summary-positioning,sync,_lr/sync/workflows/jd-optimize/steps-c/step-13a-plan-summary-positioning.md,905e3eb8bbc73329bee36eb7075d97e68e0ee5149e3c6f86fba2f8ff0c454eed
step,step-13b-plan-role1-bullet-strategy,sync,_lr/sync/workflows/jd-optimize/steps-c/step-13b-plan-role1-bullet-strategy.md,251ed1eb58d963ff35e9ae9b437229592043f6e2c7ac7defaab022ae0c2a1bbb
step,step-13c-plan-role2-bullet-strategy,sync,_lr/sync/workflows/jd-optimize/steps-c/step-13c-plan-role2-bullet-strategy.md,09a905862947eddc0eea2b9e1222c2716734f6f09e89c87b4ca7af12fb8df350
step,step-13d-plan-role3-bullet-strategy,sync,_lr/sync/workflows/jd-optimize/steps-c/step-13d-plan-role3-bullet-strategy.md,f8c820efbd597b44ea96a866cfc191bf97fc40eccfd101929df69cd08a3c235f
step,step-13e-plan-skills-ordering,sync,_lr/sync/workflows/jd-optimize/steps-c/step-13e-plan-skills-ordering.md,e9caa4a24c5ac3f024f8adf735026338228189cc9759683e599356f7a9b80008
step,step-13f-user-confirm-narrative-plan,sync,_lr/sync/workflows/jd-optimize/steps-c/step-13f-user-confirm-narrative-plan.md,5e40007df9ab819267a3429d3679c975b1a92a9cdf2301e404094ff407971978
step,step-14-write-professional-summary,sync,_lr/sync/workflows/jd-optimize/steps-c/step-14-write-professional-summary.md,58f34af98318bd7c8e3e8132cf8005a4551a5148669fd943b85e4c0c2a0f5850
step,step-15a-write-role1-bullets,sync,_lr/sync/workflows/jd-optimize/steps-c/step-15a-write-role1-bullets.md,f638d2a6dd9cac4820f0b59defc19af5a4ef7fdbdec2d411604aed57622dc42d
step,step-15b-write-role2-bullets,sync,_lr/sync/workflows/jd-optimize/steps-c/step-15b-write-role2-bullets.md,120f4db4082f50c301a8a1d142f3cf5e719c3d119c869292645fef001175d2da
step,step-15c-write-role3-bullets,sync,_lr/sync/workflows/jd-optimize/steps-c/step-15c-write-role3-bullets.md,1a20274a0b7ed2a20b5e593c2926c3f78701bdb6e8e806d42fb8f55dd90cd2f0
step,step-16-write-skills-section,sync,_lr/sync/workflows/jd-optimize/steps-c/step-16-write-skills-section.md,8908b085a80c4d8d34908bd605dacc652ee46fb8e44b5c2909185bdf82f83060
step,step-17a-sizer-line-overflow-check,sync,_lr/sync/workflows/jd-optimize/steps-c/step-17a-sizer-line-overflow-check.md,284bf882ae499a0213b0e49441e87b8ec4c60e4b13c46ff1042eab071759209f
step,step-17b-sizer-page-budget-check,sync,_lr/sync/workflows/jd-optimize/steps-c/step-17b-sizer-page-budget-check.md,9558474e77a1823c20774fac7d32fd080a85d8838c829d241716284dadc0ba40
step,step-17c-sizer-refiner-iterate,sync,_lr/sync/workflows/jd-optimize/steps-c/step-17c-sizer-refiner-iterate.md,076ee52b3c535ec5e7587b2ef3f25bd61e995223ad06a5be14bc90ae0133a54a
step,step-18-select-resume-template,sync,_lr/sync/workflows/jd-optimize/steps-c/step-18-select-resume-template.md,27120da19b28c9464c99f6da1d9d5af6be0f877ab4a711e6215253db58b2fa8b
step,step-19-inject-company-branding,sync,_lr/sync/workflows/jd-optimize/steps-c/step-19-inject-company-branding.md,c022820215c811c8ed663157694208c1691ae13fab7681fe89912389c5e43968
step,step-20-compile-html-css,sync,_lr/sync/workflows/jd-optimize/steps-c/step-20-compile-html-css.md,35038cc0baed6b8f86a982e7057fe8335174443ebcc6b08fe40a9f35b99d3a03
step,step-21a-score-keyword-coverage-final,sync,_lr/sync/workflows/jd-optimize/steps-c/step-21a-score-keyword-coverage-final.md,32f9e7980f2d2c0f29c62d232ce671b67e3ec1d45085ff6830e8429a25fa2b4d
step,step-21b-score-ownership-match-final,sync,_lr/sync/workflows/jd-optimize/steps-c/step-21b-score-ownership-match-final.md,b972a8c90a634a96d9571360fdccd174c13cc9567c2dc8bfc6d8c18fea4ebe10
step,step-21c-score-metric-density-final,sync,_lr/sync/workflows/jd-optimize/steps-c/step-21c-score-metric-density-final.md,7f672edb59d0290ea48a404cfb3cfa91566f81696e972c6cd1f1c9df3dad7a79
step,step-21d-score-persona-alignment-final,sync,_lr/sync/workflows/jd-optimize/steps-c/step-21d-score-persona-alignment-final.md,90cf8153548cede877bab8a5828ae6e92aae8590b3af04c17cc84daef205fd1d
step,step-21e-score-scope-match-final,sync,_lr/sync/workflows/jd-optimize/steps-c/step-21e-score-scope-match-final.md,e58d1d7e33d17d5b2bb93826d2aa0b594accf4cd0b97e32599be9a07a95a5fbf
step,step-21f-aggregate-final-score,sync,_lr/sync/workflows/jd-optimize/steps-c/step-21f-aggregate-final-score.md,f01161d81d1127c730c608b5eb89c4b2ba4a2fd6ba38892b9cce8166540fd228
step,step-21g-calculate-uplift,sync,_lr/sync/workflows/jd-optimize/steps-c/step-21g-calculate-uplift.md,0f58fa0b8e1cd0c9e507a3edf81a2ac5f4883e2f3b828a640d1bf562df0a235a
step,step-22-store-resume-version,sync,_lr/sync/workflows/jd-optimize/steps-c/step-22-store-resume-version.md,f3abfbd99c28e288a13479321574c55e1e4a49d1531e71eeab9836ce833c390c
step,step-23-generate-optimization-report,sync,_lr/sync/workflows/jd-optimize/steps-c/step-23-generate-optimization-report.md,f19c22bad5bf42e5e85b6c03ce5b0c423dffa3ca2851f853a53be3ebd5e2c5ff
